bldg_id,group,size_tercile,tagged,in_gold
RWA-0005ecb54a12b47d,eastern_rural,1,False,False
RWA-0024d2624624cb6f,eastern_rural,2,False,False
RWA-008885af8046c141,eastern_rural,1,False,False
RWA-00cc9649652b0f01,eastern_rural,1,False,False
RWA-00ce24fd988fec20,eastern_rural,2,False,False
RWA-010125d42667aa15,eastern_rural,1,False,False
RWA-0126161421d6c475,eastern_rural,1,False,False
RWA-016b5106790eba69,eastern_rural,0,False,False
RWA-01895d5edd797618,eastern_rural,1,False,False
RWA-033d9bc33f855ae9,eastern_rural,1,False,False
RWA-033f04a5632f0024,eastern_rural,1,False,False
RWA-03723f76d37832d4,eastern_rural,1,False,False
RWA-037bbe558cfabebf,eastern_rural,0,False,False
RWA-041f0d77b5e57c71,eastern_rural,0,False,False
RWA-042187a7d5158219,eastern_rural,0,False,False
RWA-045c796f5d976af7,eastern_rural,2,False,False
RWA-04699fb11d2999c7,eastern_rural,2,False,False
RWA-046a12cd10b3c354,eastern_rural,2,False,False
RWA-047a7103d10e7305,eastern_rural,0,False,False
RWA-0489f8fe4a992a74,eastern_rural,2,False,False
RWA-052f6f9cf190fe99,eastern_rural,0,False,False
RWA-054be8f71c54a1ba,eastern_rural,0,False,False
RWA-05f6785839e5cc0f,eastern_rural,0,False,False
RWA-060a36b7ce2c3dbd,eastern_rural,1,False,False
RWA-06548ba532e3b438,eastern_rural,1,False,False
RWA-066e0857d8a8e4a1,eastern_rural,2,False,True
RWA-0672c2d3bc0d2668,eastern_rural,2,False,True
RWA-06f1a5530cdf6165,eastern_rural,2,False,False
RWA-0711d360cb38d0f0,eastern_rural,2,False,False
RWA-073cdf6682b1319c,eastern_rural,0,False,False
RWA-07b74e79817e5043,eastern_rural,0,False,False
RWA-07c30e320901afde,eastern_rural,2,False,False
RWA-07d77199f467664f,eastern_rural,2,False,False
RWA-07e2dad04357c7db,eastern_rural,0,False,False
RWA-081dab8136c64650,eastern_rural,1,False,False
RWA-0825cf9f008702d9,eastern_rural,1,False,False
RWA-088947447cd11751,eastern_rural,2,False,False
RWA-089e9d2a1f099649,eastern_rural,0,False,False
RWA-08f2262984d3a21e,eastern_rural,2,False,True
RWA-08f7be9b5c5f04be,eastern_rural,1,False,False
RWA-0931cd3adfedcc5c,eastern_rural,1,False,False
RWA-095cecd36e991f68,eastern_rural,2,False,False
RWA-09938d3f9b05e370,eastern_rural,1,False,False
RWA-099b4eb352b2187f,eastern_rural,2,False,False
RWA-09ed6dea9b754bee,eastern_rural,2,False,False
RWA-0a09c127422e1eea,eastern_rural,0,False,False
RWA-0a0dfe359cb8dc90,eastern_rural,1,False,False
RWA-0a2114d8232740a7,eastern_rural,0,False,False
RWA-0a30d4086fac977d,eastern_rural,1,False,False
RWA-0a3af59b40a0cadf,eastern_rural,2,False,False
RWA-0ae7f00930375c1e,eastern_rural,0,False,False
RWA-0af66498a9522650,eastern_rural,2,False,False
RWA-0af8d716f88db97a,eastern_rural,1,False,False
RWA-0b0dcb52285bd428,eastern_rural,0,False,False
RWA-0b7509f205cf96ed,eastern_rural,1,False,False
RWA-0b7d747899b317d6,eastern_rural,0,False,False
RWA-0b7fac3759fc3b74,eastern_rural,1,False,False
RWA-0b8a21f5641fb227,eastern_rural,2,False,False
RWA-0be2b8175021a2ca,eastern_rural,2,False,True
RWA-0bf4c8ed0d180416,eastern_rural,1,False,False
RWA-0c21593a19ef3008,eastern_rural,0,False,False
RWA-0c433f71b5387d6e,eastern_rural,1,False,False
RWA-0c82e86a06a9d6d4,eastern_rural,2,False,False
RWA-0c855db49aef6b06,eastern_rural,1,False,False
RWA-0c918eb6525634e1,eastern_rural,2,False,False
RWA-0cac03e2258a5086,eastern_rural,1,False,False
RWA-0cdf4bfb74c7e2dc,eastern_rural,0,False,False
RWA-0d1e899bbefc29c1,eastern_rural,1,False,False
RWA-0d32c235da9616b3,eastern_rural,1,False,True
RWA-0d3d45a7dac804cd,eastern_rural,2,False,False
RWA-0d6cb0beccb9944b,eastern_rural,2,False,False
RWA-0d8335e378a64a28,eastern_rural,1,False,False
RWA-0e06864a969eeaf3,eastern_rural,0,False,False
RWA-0e2c4894917427ee,eastern_rural,0,False,False
RWA-0e52f10e25865c65,eastern_rural,2,False,False
RWA-0e53460ec6b4cdec,eastern_rural,2,False,False
RWA-0e56fabce37a0aa0,eastern_rural,2,False,False
RWA-0e8c03c878e55d3b,eastern_rural,2,False,False
RWA-0eaed6467bccd9a3,eastern_rural,1,False,False
RWA-0ee0cefd0c53bf7c,eastern_rural,0,False,False
RWA-0ee79a4feae9d8df,eastern_rural,2,False,False
RWA-0f002f439c5f5645,eastern_rural,1,False,False
RWA-0f182ab668c4aee4,eastern_rural,2,False,False
RWA-0fbdf0d3e08fb133,eastern_rural,0,False,False
RWA-0ffcfe321d58f940,eastern_rural,1,False,False
RWA-102ae649ef4fb14b,eastern_rural,2,False,False
RWA-104816e7ab5ad5cf,eastern_rural,0,False,False
RWA-109543c1dedae334,eastern_rural,1,False,False
RWA-10a7092a66c49423,eastern_rural,1,False,False
RWA-10acb4d006c12daa,eastern_rural,2,False,False
RWA-10c2308783ee8689,eastern_rural,1,False,False
RWA-10d062798a8f4c84,eastern_rural,0,False,False
RWA-10d3179d62ea5d7e,eastern_rural,0,False,False
RWA-10d87c3fb8ce284c,eastern_rural,0,False,False
RWA-10f6c692633688a7,eastern_rural,1,False,False
RWA-110c9c9ca2efb293,eastern_rural,0,False,False
RWA-11197bd0a3c2aba1,eastern_rural,0,False,False
RWA-116328889684d120,eastern_rural,2,False,False
RWA-1165e425461dbf21,eastern_rural,2,False,False
RWA-11edb4cbdfd98eb4,eastern_rural,0,False,False
RWA-11fc2dc48d6a26e5,eastern_rural,0,False,False
RWA-1201019e48013b65,eastern_rural,1,False,False
RWA-12151cfd80d9c4a8,eastern_rural,2,False,False
RWA-123798202984821c,eastern_rural,1,False,False
RWA-12a1db10a560921e,eastern_rural,2,False,False
RWA-12f92de634148b9e,eastern_rural,2,False,False
RWA-133a60aa57290522,eastern_rural,1,False,False
RWA-13abed5d6771c9b4,eastern_rural,0,False,False
RWA-13ac3261a0d5fc21,eastern_rural,1,False,False
RWA-13b2d69311ef9b21,eastern_rural,2,False,False
RWA-13baca3c6aec4d23,eastern_rural,1,False,False
RWA-13ed831bc9093c8e,eastern_rural,2,False,False
RWA-143356633ea258f2,eastern_rural,1,False,False
RWA-14863264ccd4996b,eastern_rural,0,False,False
RWA-148d8c7d99fe1afe,eastern_rural,1,False,False
RWA-14bba69f6a3db712,eastern_rural,2,False,False
RWA-14c663cf00c21a98,eastern_rural,2,False,False
RWA-152ab026f8b84df0,eastern_rural,0,False,False
RWA-1544e7a4e55c3aab,eastern_rural,1,False,False
RWA-15708efdc5d6fa27,eastern_rural,1,False,False
RWA-1579164a8355d8e2,eastern_rural,2,False,False
RWA-158e913d4fed9189,eastern_rural,2,False,False
RWA-15ad15de4b1a3cbd,eastern_rural,1,False,False
RWA-15ccd90c7dcbfbb1,eastern_rural,2,False,False
RWA-15e6abf2f6d74370,eastern_rural,2,False,False
RWA-165456dd2479972c,eastern_rural,1,False,False
RWA-165a0897a3152e83,eastern_rural,1,False,False
RWA-169216129c9f2758,eastern_rural,0,False,False
RWA-16b82bd3a34970aa,eastern_rural,1,False,True
RWA-17012b81c2367618,eastern_rural,2,False,False
RWA-177a7e4d653b0b3c,eastern_rural,0,False,False
RWA-17c89e7d2ff93bff,eastern_rural,0,False,False
RWA-18115e31897c9d39,eastern_rural,1,False,False
RWA-1856db25e5859d24,eastern_rural,1,False,False
RWA-1876f02f1c767f0c,eastern_rural,1,False,False
RWA-18867d156041eeb9,eastern_rural,2,False,False
RWA-189708601ab34026,eastern_rural,2,False,False
RWA-18e5c4a4ebd73b02,eastern_rural,2,False,False
RWA-192d7af7d5beb6b1,eastern_rural,0,False,False
RWA-194cc1256c242c89,eastern_rural,1,False,False
RWA-19562cabdcc037a9,eastern_rural,1,False,False
RWA-195aba577a4348a4,eastern_rural,1,False,False
RWA-195eb8b8861372d5,eastern_rural,0,False,False
RWA-1980b305a76d9b4d,eastern_rural,1,False,False
RWA-199842fb12d5f6a4,eastern_rural,2,False,False
RWA-199fca03b1139ea4,eastern_rural,0,False,False
RWA-19caadabb76778fb,eastern_rural,2,False,False
RWA-19e657965ec4423d,eastern_rural,2,False,False
RWA-1a388917ece4721a,eastern_rural,1,False,False
RWA-1b61399b03c8e1ab,eastern_rural,0,False,False
RWA-1b7cfd84a1d11bb1,eastern_rural,2,False,False
RWA-1b90067144f27ce0,eastern_rural,1,False,True
RWA-1bab5671e2229f16,eastern_rural,1,False,False
RWA-1bca49ddcf53f93a,eastern_rural,0,False,True
RWA-1bd4c979290e95c7,eastern_rural,1,False,False
RWA-1c27fb4873a51ee6,eastern_rural,0,False,False
RWA-1c294b11a6bfa7b4,eastern_rural,0,False,False
RWA-1c3f7ddb6963ed0f,eastern_rural,1,False,False
RWA-1c401294364b57f9,eastern_rural,0,False,False
RWA-1c411c346b925c58,eastern_rural,2,False,False
RWA-1c5e3883b64928d4,eastern_rural,0,False,False
RWA-1c7c5ee734dc4df0,eastern_rural,2,False,False
RWA-1c94d010fb38ba50,eastern_rural,2,False,False
RWA-1cc933aa8a616c6c,eastern_rural,1,False,False
RWA-1d085a7c5d69dfcd,eastern_rural,1,False,False
RWA-1d442dde83666015,eastern_rural,0,False,False
RWA-1d6d1d4c2d988fc6,eastern_rural,0,False,False
RWA-1dae132582474fdd,eastern_rural,2,False,False
RWA-1dbf0d57cdfac30e,eastern_rural,1,False,False
RWA-1e1b3f9aa9c00df4,eastern_rural,0,False,False
RWA-1e368ce453a338c9,eastern_rural,2,False,False
RWA-1e3f787b6f34aa41,eastern_rural,0,False,False
RWA-1e4cfe324d37f124,eastern_rural,2,False,False
RWA-1e655598e9565c19,eastern_rural,0,False,False
RWA-1e9abd43049964c6,eastern_rural,1,False,False
RWA-1ebf0136881048d3,eastern_rural,0,False,False
RWA-1eecc5ada617bc2e,eastern_rural,0,False,False
RWA-1ef73499d511daa8,eastern_rural,0,False,False
RWA-1f147613eb3a92fd,eastern_rural,2,False,False
RWA-1f1b1734012e98e5,eastern_rural,1,False,False
RWA-1f56138fd5a0ebc3,eastern_rural,1,False,True
RWA-1f6f59011905d963,eastern_rural,0,False,False
RWA-1f96801de5ef826a,eastern_rural,2,False,False
RWA-2046514e9b4054ab,eastern_rural,2,False,False
RWA-2048722ca79fb453,eastern_rural,1,False,False
RWA-20537748cba13c7e,eastern_rural,2,False,False
RWA-207e915546af7f8b,eastern_rural,2,False,False
RWA-20966ef7da778fa5,eastern_rural,0,False,False
RWA-209696b3b72b90e8,eastern_rural,2,False,False
RWA-20a5259366a54d58,eastern_rural,0,False,False
RWA-20b0e4f52ca9e1bf,eastern_rural,1,False,False
RWA-2114c4f3a5cfae22,eastern_rural,1,False,False
RWA-21e7e3954c7fd239,eastern_rural,1,False,False
RWA-22081d4a7331a253,eastern_rural,2,False,False
RWA-223377630b5da6c7,eastern_rural,1,False,False
RWA-2266563e9c599fed,eastern_rural,2,False,False
RWA-22d348c18629a648,eastern_rural,2,False,False
RWA-22fa0ad54e2c9df6,eastern_rural,1,False,False
RWA-231079855b770233,eastern_rural,1,False,False
RWA-23353eb751f12b04,eastern_rural,2,False,False
RWA-233e7b718a27fedb,eastern_rural,2,False,False
RWA-234018a714ca32b6,eastern_rural,0,False,False
RWA-2369c403c377a6a6,eastern_rural,0,False,False
RWA-2395018608b1e938,eastern_rural,2,False,False
RWA-239db1b0e82a08af,eastern_rural,0,False,False
RWA-23abb94f6e758f17,eastern_rural,0,False,False
RWA-23c39a26e5bb6c23,eastern_rural,1,False,True
RWA-23f153f1bda4a702,eastern_rural,2,False,False
RWA-24118927a160a682,eastern_rural,2,False,False
RWA-2439ace78860ce11,eastern_rural,2,False,False
RWA-247323228ff2765e,eastern_rural,1,False,False
RWA-24edadde4c5885cd,eastern_rural,1,False,False
RWA-24fc759dff4f7c1d,eastern_rural,1,False,False
RWA-251ee28ba52ba7d5,eastern_rural,0,False,False
RWA-25799b08d45850bf,eastern_rural,1,False,False
RWA-2588c51bed6e98ef,eastern_rural,1,False,False
RWA-258dc01605358afb,eastern_rural,1,False,False
RWA-25e6a8634c821dee,eastern_rural,0,False,False
RWA-25f0d69915f0cf66,eastern_rural,0,False,False
RWA-264bf1c35f3becd6,eastern_rural,0,False,False
RWA-267a0aee08169c92,eastern_rural,2,False,False
RWA-268c2b422100d576,eastern_rural,0,False,False
RWA-26bb21d7a5982850,eastern_rural,1,False,False
RWA-26d264059ab2c8d4,eastern_rural,0,False,False
RWA-26dc38ab65b35404,eastern_rural,2,False,False
RWA-2800468d03250eb4,eastern_rural,0,False,False
RWA-2830c7f91d2f5098,eastern_rural,0,False,False
RWA-289507ac8e233541,eastern_rural,2,False,True
RWA-28b4fec0fe7d326e,eastern_rural,2,False,False
RWA-28de6f3b591447a4,eastern_rural,2,False,False
RWA-2945d17c3ecb40e8,eastern_rural,2,False,False
RWA-2952da512f466e71,eastern_rural,1,False,False
RWA-29815f7183756be9,eastern_rural,1,False,False
RWA-29b03e2ea834f183,eastern_rural,0,False,False
RWA-29b8129e9503a10b,eastern_rural,1,False,False
RWA-29e43f03db4af7ae,eastern_rural,0,False,False
RWA-2a04998ee8c3aa66,eastern_rural,0,False,False
RWA-2a2771cc108c91be,eastern_rural,0,False,False
RWA-2a4c2a8a2d138597,eastern_rural,0,False,False
RWA-2a527e81678c71fd,eastern_rural,2,False,False
RWA-2a5b42fa7a3743c5,eastern_rural,2,False,False
RWA-2a9e3d4fcf7d67f4,eastern_rural,0,False,False
RWA-2aa524f5e81464a9,eastern_rural,0,False,False
RWA-2aadfd2b8652013c,eastern_rural,0,False,False
RWA-2ab53e92f7d03c1a,eastern_rural,2,False,False
RWA-2ab85fd15511cdc1,eastern_rural,0,False,False
RWA-2abd857cc08a9db2,eastern_rural,1,False,False
RWA-2acf17535d3862b7,eastern_rural,1,False,False
RWA-2af000c40df9fa93,eastern_rural,0,False,False
RWA-2b195404c5f023b7,eastern_rural,1,False,False
RWA-2b5d279f8eb4c6a4,eastern_rural,2,False,False
RWA-2b7d46efba315ce3,eastern_rural,1,False,False
RWA-2b8e60a4fcbd9ecb,eastern_rural,0,False,False
RWA-2b97c807b93860dc,eastern_rural,1,False,False
RWA-2be90fe01147ee3c,eastern_rural,2,False,False
RWA-2cf9493e074649a4,eastern_rural,0,False,False
RWA-2d0ebfec906e4601,eastern_rural,0,False,False
RWA-2d43dbbdd21d3c39,eastern_rural,2,False,False
RWA-2d897dd080d96bae,eastern_rural,0,False,False
RWA-2dba9230f2c42d2a,eastern_rural,1,False,False
RWA-2dbff25a9dec8a5e,eastern_rural,1,False,False
RWA-2dd6bbc500853b90,eastern_rural,2,False,False
RWA-2e60ce26eacd722b,eastern_rural,2,False,False
RWA-2ebbb31e0578a274,eastern_rural,2,False,False
RWA-2ebe67a34f0f7889,eastern_rural,1,False,True
RWA-2ebf716fe7cb2372,eastern_rural,0,False,False
RWA-2ec0c6c1de3fa0a5,eastern_rural,0,False,True
RWA-2edb5d481130b054,eastern_rural,1,False,False
RWA-2f0624ca47a3f92b,eastern_rural,2,False,False
RWA-2f1bb3d968c63fde,eastern_rural,2,False,False
RWA-2f6de7bdedf76c37,eastern_rural,1,False,False
RWA-2f7d8dd3d4284608,eastern_rural,0,False,False
RWA-2faef598b997be59,eastern_rural,1,False,False
RWA-2fbd3adf0c1ad70a,eastern_rural,2,False,False
RWA-2fc6c131b8d93465,eastern_rural,2,False,False
RWA-3055d0a8b15867c5,eastern_rural,2,False,False
RWA-30705172e7fcf7a6,eastern_rural,1,False,False
RWA-30c4e330948f080e,eastern_rural,0,False,False
RWA-31324c8f274326ce,eastern_rural,0,False,False
RWA-3134605492a0e600,eastern_rural,2,False,False
RWA-3134d2ed1d7fe16d,eastern_rural,1,False,False
RWA-31df18eba3408a05,eastern_rural,0,False,False
RWA-3204673a827a44c1,eastern_rural,1,False,False
RWA-326d7db8ec86bfa4,eastern_rural,1,False,False
RWA-327f6b78d6bea756,eastern_rural,1,False,False
RWA-3284a814b315d5e2,eastern_rural,2,False,False
RWA-3286c56ba27a1c6f,eastern_rural,2,False,False
RWA-330dad281a15b138,eastern_rural,2,False,False
RWA-33108b8e2f50ff27,eastern_rural,0,False,False
RWA-331123d182aa7fb8,eastern_rural,0,False,False
RWA-33239df5a9dedb51,eastern_rural,1,False,False
RWA-3329ae1dc9bba59b,eastern_rural,2,False,True
RWA-334465c476d25204,eastern_rural,2,False,False
RWA-3389d8a9d70177d0,eastern_rural,1,False,False
RWA-339901ee55a36e31,eastern_rural,2,False,False
RWA-33e02bcb73386669,eastern_rural,1,False,False
RWA-33edd17dc9b743f9,eastern_rural,2,False,False
RWA-3432beae239f812c,eastern_rural,0,False,False
RWA-3461eb18429af3c2,eastern_rural,2,False,False
RWA-346caf87e977e718,eastern_rural,2,False,True
RWA-34d1ded63f5ca321,eastern_rural,1,False,False
RWA-34ea42326252b0df,eastern_rural,1,False,False
RWA-350e6d1d4f2f0bcf,eastern_rural,2,False,False
RWA-351d166fdb1e8888,eastern_rural,1,False,False
RWA-354087461fd2fd0c,eastern_rural,1,False,True
RWA-35a7e8b1860a790a,eastern_rural,1,False,False
RWA-35b131d5674b6772,eastern_rural,1,False,False
RWA-35b5bffcdce7a2a5,eastern_rural,1,False,False
RWA-35d5752d771105e4,eastern_rural,0,False,False
RWA-36184d5c7b998111,eastern_rural,2,False,False
RWA-3640b9726d1a94ba,eastern_rural,2,False,False
RWA-367783d51c959389,eastern_rural,0,False,False
RWA-367ff198fd214044,eastern_rural,2,False,False
RWA-3680ddc66af4aaa4,eastern_rural,1,False,False
RWA-36b4fbbde031d58e,eastern_rural,0,False,False
RWA-36cf35b1baf53948,eastern_rural,2,False,False
RWA-36fcacbdd6cddd75,eastern_rural,0,False,False
RWA-3746eef7e67be26c,eastern_rural,0,False,False
RWA-3789feed10b2027b,eastern_rural,0,False,False
RWA-37b5876a03b50b4d,eastern_rural,0,False,False
RWA-37d5145bfdba4444,eastern_rural,0,False,False
RWA-37f452483126119d,eastern_rural,0,False,True
RWA-385b9cde5baf6b6a,eastern_rural,2,False,False
RWA-3866d4bb98311d1c,eastern_rural,1,False,False
RWA-38dda701919e9828,eastern_rural,2,False,False
RWA-39345a61ca3610b5,eastern_rural,2,False,False
RWA-394251c3be7a4e60,eastern_rural,2,False,False
RWA-394b8b4ef4c17c63,eastern_rural,0,False,False
RWA-3985bce2e9aa40e2,eastern_rural,2,False,False
RWA-3994bf2f034b6326,eastern_rural,0,False,True
RWA-39fbde6c49898af6,eastern_rural,2,False,False
RWA-3a53d542d2234cad,eastern_rural,2,False,False
RWA-3a699e3834a7068a,eastern_rural,2,False,False
RWA-3a95579e0663f15a,eastern_rural,2,False,False
RWA-3ab30f7fda104131,eastern_rural,0,False,False
RWA-3b28e141bf08445c,eastern_rural,1,False,False
RWA-3b48e7ddbf1eaf12,eastern_rural,1,False,False
RWA-3b4ddb3a5d97acab,eastern_rural,2,False,False
RWA-3b9984c9fb5f8bd9,eastern_rural,0,False,False
RWA-3bb9f9024d23530f,eastern_rural,0,False,True
RWA-3bcd629587310d92,eastern_rural,0,False,False
RWA-3c942fd3a85d9df1,eastern_rural,0,False,False
RWA-3ce905a2141cee9d,eastern_rural,1,False,True
RWA-3cee1f3b8da8ffb7,eastern_rural,0,False,False
RWA-3d1aea79cf883990,eastern_rural,1,False,False
RWA-3d407241e4f51f3c,eastern_rural,1,False,False
RWA-3da4f5ad8b2c8858,eastern_rural,2,False,False
RWA-3dc2ef425877d2be,eastern_rural,1,False,False
RWA-3de468a6ef9533ff,eastern_rural,1,False,False
RWA-3def1e76a0633a53,eastern_rural,2,False,True
RWA-3e3ea6e3f6860852,eastern_rural,0,False,False
RWA-3e731021df78274b,eastern_rural,1,False,False
RWA-3e84bd1eb5fc32b6,eastern_rural,1,False,False
RWA-3f15ff87b0bb4970,eastern_rural,2,False,True
RWA-3f3d7c5253a57ff1,eastern_rural,2,False,False
RWA-3f41c8da05712f91,eastern_rural,0,False,False
RWA-3f5c2a1038a93661,eastern_rural,0,False,False
RWA-3f6639e590d70035,eastern_rural,0,False,False
RWA-3f98ac3b5274bacb,eastern_rural,0,False,False
RWA-3fe92fd220648282,eastern_rural,0,False,False
RWA-404725389b77be56,eastern_rural,2,False,False
RWA-40477dd3581d431e,eastern_rural,2,False,False
RWA-4084ca82dbc9ef97,eastern_rural,0,False,False
RWA-40b2fe8e97798895,eastern_rural,2,False,False
RWA-4147ca71f65d1f6a,eastern_rural,2,False,False
RWA-41773cb77ede9bc4,eastern_rural,0,False,False
RWA-417e811ca4d6a527,eastern_rural,2,False,False
RWA-418e418cccd32ca3,eastern_rural,0,False,False
RWA-418ec1e257bc6b74,eastern_rural,1,False,False
RWA-41d5950d59f88d33,eastern_rural,1,False,False
RWA-41de41be5cd59d1a,eastern_rural,0,False,True
RWA-42887a35931448e5,eastern_rural,2,False,False
RWA-42e85bad96ca55c7,eastern_rural,2,False,False
RWA-42f8e7af3e4ee670,eastern_rural,0,False,False
RWA-430844c86933dddb,eastern_rural,1,False,False
RWA-432cfd672311dbd3,eastern_rural,0,False,False
RWA-434ee05e65898d49,eastern_rural,0,False,False
RWA-4360328a6e20d262,eastern_rural,1,False,False
RWA-43640b1b8369e914,eastern_rural,0,False,False
RWA-436d6f6e7044fcb3,eastern_rural,0,False,False
RWA-43877513fef0d5a5,eastern_rural,2,False,False
RWA-43960d7e91f8da55,eastern_rural,2,False,False
RWA-43aee3c9be90db98,eastern_rural,1,False,False
RWA-43c0b6873b34f91a,eastern_rural,0,False,False
RWA-43cbac735d5f1e70,eastern_rural,1,False,False
RWA-43e228426d927e05,eastern_rural,0,False,False
RWA-440a6cae1e129082,eastern_rural,2,False,False
RWA-4460bbc7af8add8c,eastern_rural,2,False,False
RWA-449d3f13f0c8eb39,eastern_rural,1,False,False
RWA-44aef3d32a815c23,eastern_rural,2,False,False
RWA-44e08433cd71031e,eastern_rural,2,False,False
RWA-450abd194588a93f,eastern_rural,0,False,False
RWA-4529c24f780b4b34,eastern_rural,1,False,False
RWA-45336d0ddf53a7b7,eastern_rural,2,False,False
RWA-4544d25b554cffcb,eastern_rural,0,False,False
RWA-454b4c101741a23b,eastern_rural,2,False,False
RWA-455f91568f5e020a,eastern_rural,1,False,False
RWA-45b1a6b2116b6a2d,eastern_rural,2,False,False
RWA-45ca911f9ac251c9,eastern_rural,1,False,False
RWA-463fdf19ae1fe082,eastern_rural,2,False,False
RWA-46a2b554c21de6cf,eastern_rural,0,False,True
RWA-46b075559bb0ffae,eastern_rural,2,False,False
RWA-46b6d82682403ac9,eastern_rural,2,False,False
RWA-46bfe3c44e26a8ca,eastern_rural,0,False,False
RWA-46c4b8e53277e36f,eastern_rural,0,False,False
RWA-474faad29d6a024e,eastern_rural,0,False,False
RWA-4751d55a944c71e1,eastern_rural,2,False,False
RWA-4780812a979ae7b9,eastern_rural,1,False,False
RWA-47915b8f15272127,eastern_rural,0,False,False
RWA-47d48ba748e6de2e,eastern_rural,2,False,True
RWA-47d9b146d4f763aa,eastern_rural,0,False,True
RWA-47df01d4e0d88409,eastern_rural,1,False,True
RWA-487f4c00409b85dc,eastern_rural,1,False,False
RWA-48c633133768b50b,eastern_rural,2,False,False
RWA-48de2f3d18e31218,eastern_rural,2,False,False
RWA-48e280d9ceb9eec7,eastern_rural,0,False,False
RWA-48f6a2b37295b40a,eastern_rural,0,False,False
RWA-4926d36004329d6d,eastern_rural,0,False,False
RWA-4994d64fe4f4eef9,eastern_rural,2,False,False
RWA-49abcd78474f34fd,eastern_rural,1,False,True
RWA-4a232024626fc56f,eastern_rural,1,False,False
RWA-4a421dc68682af9b,eastern_rural,2,False,True
RWA-4a7db6802216f95e,eastern_rural,0,False,False
RWA-4a9a9c53e2f0e649,eastern_rural,0,False,False
RWA-4aa3864a87feccb3,eastern_rural,1,False,False
RWA-4ab591db0cca939b,eastern_rural,0,False,False
RWA-4b2936a8229d2872,eastern_rural,0,False,False
RWA-4b2ea50b56d40e44,eastern_rural,2,False,False
RWA-4b3d6ad1772b1054,eastern_rural,2,False,False
RWA-4b51eaab658cdccc,eastern_rural,1,False,False
RWA-4b67e5153d58c6bb,eastern_rural,0,False,False
RWA-4b7c7d4d978acad8,eastern_rural,1,False,False
RWA-4b8751e5b41957f9,eastern_rural,1,False,False
RWA-4bbeb45ddb38bfb6,eastern_rural,1,False,False
RWA-4bd87bdb6966d97d,eastern_rural,1,False,False
RWA-4c38c474533570ec,eastern_rural,2,False,False
RWA-4c70b85c2e56b12b,eastern_rural,2,False,False
RWA-4ce744ac970d5ce4,eastern_rural,1,False,False
RWA-4cfaca901800f7a2,eastern_rural,0,False,False
RWA-4cfceaf5d85224fe,eastern_rural,0,False,False
RWA-4d05da4efe702273,eastern_rural,1,False,False
RWA-4d1bb15b68af92e0,eastern_rural,2,False,False
RWA-4d346ed0eb835ab1,eastern_rural,2,False,False
RWA-4d4056d6053beab1,eastern_rural,1,False,False
RWA-4d4a3adb9d93bcb8,eastern_rural,1,False,False
RWA-4d5478b7ea23cc81,eastern_rural,2,False,False
RWA-4d5b00f4b557fd90,eastern_rural,2,False,False
RWA-4d6c37f8050df6d7,eastern_rural,2,False,False
RWA-4d7387a4d492a488,eastern_rural,0,False,False
RWA-4dacdaa8bd6b2873,eastern_rural,0,False,False
RWA-4dd79143ef3a0a6c,eastern_rural,0,False,True
RWA-4df780d0dff528f1,eastern_rural,2,False,False
RWA-4df93c5de5845774,eastern_rural,0,False,False
RWA-4e17fc2338a6a98f,eastern_rural,2,False,False
RWA-4e5f1d7d95bd9bee,eastern_rural,2,False,False
RWA-4e60b0ffd68db3ee,eastern_rural,2,False,True
RWA-4e796a658b842729,eastern_rural,0,False,False
RWA-4e83ea87e83b6916,eastern_rural,2,False,False
RWA-4e9da54db3d33105,eastern_rural,1,False,True
RWA-4eaf79d0f8141fa8,eastern_rural,0,False,False
RWA-4eb01ada5068418f,eastern_rural,1,False,False
RWA-4ec63cdd25c40099,eastern_rural,2,False,False
RWA-4ed5294b0d75b1ba,eastern_rural,0,False,False
RWA-4f03da41d2ac94c5,eastern_rural,1,False,False
RWA-4f0970fba2c1059e,eastern_rural,1,False,False
RWA-4f18129b29ff9e3d,eastern_rural,0,False,False
RWA-4f2fe5ee8a6d4a0d,eastern_rural,0,False,False
RWA-4fbcfae832659848,eastern_rural,2,False,False
RWA-502abd940f369fda,eastern_rural,0,False,False
RWA-502f46f0206a597b,eastern_rural,2,False,False
RWA-507ea677ee135c17,eastern_rural,2,False,False
RWA-5082878ff443815c,eastern_rural,2,False,False
RWA-50a8048cd0228cb8,eastern_rural,2,False,False
RWA-517613fe925bd60f,eastern_rural,0,False,False
RWA-5188532373ccd911,eastern_rural,0,False,False
RWA-51c5097078dd4418,eastern_rural,0,False,False
RWA-520ee45787d699ba,eastern_rural,1,False,False
RWA-524bc74ddaf80714,eastern_rural,0,False,False
RWA-5275cfb319ee2a29,eastern_rural,1,False,False
RWA-5275f800a9592738,eastern_rural,0,False,False
RWA-52f7d331908bbc3b,eastern_rural,0,False,False
RWA-533b65a4d4ac01dc,eastern_rural,0,False,False
RWA-534300f9a84fd69a,eastern_rural,2,False,False
RWA-5389a7092a7044fa,eastern_rural,2,False,False
RWA-538bf2039f294ea5,eastern_rural,1,False,False
RWA-5394bbbe669460dd,eastern_rural,0,False,False
RWA-53c89ab0a467941a,eastern_rural,2,False,False
RWA-53d3bdd87a956465,eastern_rural,1,False,False
RWA-53efccf260e3c0f0,eastern_rural,1,False,False
RWA-541a18cb8f86445d,eastern_rural,2,False,False
RWA-542b64574409bc77,eastern_rural,1,False,False
RWA-54585129421305a2,eastern_rural,2,False,False
RWA-545dc5e219a5f14c,eastern_rural,2,False,False
RWA-546ddbcc493fb390,eastern_rural,1,False,False
RWA-54a9895a190f9422,eastern_rural,2,False,False
RWA-54caa3a32ba8c74e,eastern_rural,2,False,False
RWA-54e6c08b85159b06,eastern_rural,2,False,True
RWA-550748d84a1df887,eastern_rural,2,False,False
RWA-55da021e9a71791b,eastern_rural,2,False,False
RWA-55ee2a584997afdc,eastern_rural,2,False,False
RWA-5621d1f6500c4cc0,eastern_rural,2,False,False
RWA-5647fb2b80a8f3a0,eastern_rural,1,False,False
RWA-56aa548ba4e8d2ba,eastern_rural,2,False,False
RWA-56d15c7ad4d59a0b,eastern_rural,0,False,False
RWA-56eb70593988ca3a,eastern_rural,1,False,False
RWA-5708414181768fad,eastern_rural,1,False,False
RWA-5709291f1b778e96,eastern_rural,1,False,False
RWA-570a591218f46989,eastern_rural,1,False,False
RWA-571ed8b5bb399539,eastern_rural,0,False,False
RWA-574e2857c455b351,eastern_rural,2,False,False
RWA-57894d555bc903cf,eastern_rural,1,False,False
RWA-5794e8c35ea85bb9,eastern_rural,1,False,False
RWA-57be9d0db54fd7ea,eastern_rural,2,False,False
RWA-57ca4242adea8b2a,eastern_rural,2,False,False
RWA-57f934e04bb1af75,eastern_rural,1,False,False
RWA-57ff710566984a00,eastern_rural,0,False,False
RWA-580611bdfc1d888a,eastern_rural,1,False,False
RWA-581a2e0f3263a499,eastern_rural,2,False,False
RWA-5833243548a7aaab,eastern_rural,0,False,True
RWA-585e770af0f3bee6,eastern_rural,0,False,False
RWA-58927645d91d0fea,eastern_rural,1,False,False
RWA-58957f7a5a2084d8,eastern_rural,0,False,False
RWA-5934578014576582,eastern_rural,2,False,False
RWA-5946fca0a263ae49,eastern_rural,0,False,False
RWA-595f66fc590a0d93,eastern_rural,1,False,False
RWA-5973926f31d9bf14,eastern_rural,0,False,False
RWA-59ea24d07eec5750,eastern_rural,0,False,False
RWA-59f51d8a07dab2f4,eastern_rural,0,False,True
RWA-5a15047a9f4f19bb,eastern_rural,0,False,False
RWA-5a520933d6e8de1e,eastern_rural,0,False,False
RWA-5ab6f0bd8d0034c4,eastern_rural,1,False,False
RWA-5abcfe34270e2d2d,eastern_rural,0,False,False
RWA-5abf04369ec2fa73,eastern_rural,1,False,False
RWA-5adc212cf01a5412,eastern_rural,0,False,False
RWA-5afa424a45e88761,eastern_rural,1,False,False
RWA-5afef587ed83de90,eastern_rural,1,False,False
RWA-5b2a4b3579866025,eastern_rural,2,False,False
RWA-5b6db17b4e4be6f2,eastern_rural,1,False,False
RWA-5b9225c75054a255,eastern_rural,2,False,False
RWA-5bbdd9b1706f18ff,eastern_rural,2,False,False
RWA-5bdf3bec229120de,eastern_rural,1,False,False
RWA-5be13d97c94a056b,eastern_rural,2,False,False
RWA-5c1eae866da02666,eastern_rural,2,False,False
RWA-5c24a445e11e3bfb,eastern_rural,2,False,False
RWA-5caa9cd55cb60c89,eastern_rural,1,False,False
RWA-5ce3b18e5441284e,eastern_rural,2,False,False
RWA-5cfdc71f4e01ab03,eastern_rural,2,False,False
RWA-5d75b123cc81e8ed,eastern_rural,0,False,False
RWA-5d963e12331bec72,eastern_rural,0,False,False
RWA-5e358967a082f0c8,eastern_rural,1,False,False
RWA-5e5d1db170bc80c4,eastern_rural,2,False,False
RWA-5e6fe0439fef2de8,eastern_rural,0,False,False
RWA-5eaa6757f1e57148,eastern_rural,0,False,False
RWA-5ebc01ecad9bbcb9,eastern_rural,1,False,False
RWA-5ec5f25e01abd331,eastern_rural,1,False,False
RWA-5eed249dc1a7f043,eastern_rural,1,False,False
RWA-5f62d8e5ca27be30,eastern_rural,0,False,False
RWA-5f6c4a41921f1450,eastern_rural,0,False,False
RWA-5f71d636f30ab978,eastern_rural,2,False,False
RWA-5f82374901289eb3,eastern_rural,0,False,False
RWA-5f986713a5e50662,eastern_rural,0,False,True
RWA-5fdb90a093e5001f,eastern_rural,2,False,False
RWA-604e54676f1d9273,eastern_rural,0,False,False
RWA-608790d7f324981a,eastern_rural,1,False,False
RWA-608cfee388c65398,eastern_rural,2,False,False
RWA-60bb39fbf8527071,eastern_rural,1,False,False
RWA-60f51fd25f16d529,eastern_rural,0,False,False
RWA-612bad8a85422147,eastern_rural,2,False,False
RWA-618e017e4b4795b7,eastern_rural,2,False,False
RWA-61b2be92f51c1d35,eastern_rural,1,False,False
RWA-61e7f32e3549b9c8,eastern_rural,1,False,False
RWA-625adcd488bef861,eastern_rural,1,False,False
RWA-625bd5af7aef3eab,eastern_rural,0,False,False
RWA-62a735f17994cb11,eastern_rural,1,False,True
RWA-62b0d749528dcde5,eastern_rural,1,False,False
RWA-62ee9c794664c411,eastern_rural,0,False,False
RWA-6303bc0a1d4c76c8,eastern_rural,0,False,False
RWA-631a1eef0d4ff5f8,eastern_rural,2,False,False
RWA-632b5cd808fe72f5,eastern_rural,0,False,False
RWA-632eff44dcd3c0a7,eastern_rural,0,False,False
RWA-634fb91d32b49787,eastern_rural,2,False,True
RWA-63873ec49af6b28d,eastern_rural,1,False,False
RWA-639758b565f788d5,eastern_rural,1,False,False
RWA-63aecc683af62a0b,eastern_rural,0,False,False
RWA-63c2d535f2622cd3,eastern_rural,1,False,False
RWA-63f576eb6391cc76,eastern_rural,0,False,False
RWA-63fbad846fc1d4af,eastern_rural,1,False,False
RWA-6416da77524fc752,eastern_rural,1,False,False
RWA-64558b405c83646c,eastern_rural,0,False,False
RWA-645afffdea963dfd,eastern_rural,0,False,True
RWA-6463594b3844730e,eastern_rural,2,False,False
RWA-648e6a8d2f31ea5d,eastern_rural,2,False,False
RWA-64e1f4391859ef6d,eastern_rural,0,False,False
RWA-6533f595ed92989f,eastern_rural,2,False,False
RWA-655756152b2dc48c,eastern_rural,2,False,False
RWA-6591c044e95aa7d9,eastern_rural,0,False,False
RWA-65a70544df82aca6,eastern_rural,2,False,False
RWA-66805e824b9cf2e2,eastern_rural,1,False,True
RWA-66a828c30bf82310,eastern_rural,2,False,False
RWA-66b75fd99f391e03,eastern_rural,2,False,False
RWA-66d088a00f4abcfe,eastern_rural,0,False,False
RWA-66de20dfaca7179e,eastern_rural,2,False,False
RWA-66e0925d43abceb1,eastern_rural,1,False,False
RWA-670cbb4a50716c0a,eastern_rural,2,False,False
RWA-6716daa06a2dab3c,eastern_rural,0,False,False
RWA-67263a035e0287e3,eastern_rural,1,False,False
RWA-673861c1a4f8fa87,eastern_rural,1,False,False
RWA-6763db1d6f1eda41,eastern_rural,2,False,False
RWA-67b7b15c634c9827,eastern_rural,1,False,False
RWA-680d6a8a6b2955f6,eastern_rural,1,False,True
RWA-6893ae68d4e85505,eastern_rural,2,False,False
RWA-68b27e6c8799d878,eastern_rural,2,False,False
RWA-68be01a69bf22aed,eastern_rural,1,False,False
RWA-68c79a85e830f6e6,eastern_rural,0,False,False
RWA-68ca80d7477fc7cf,eastern_rural,0,False,False
RWA-68dce5d305344df5,eastern_rural,0,False,True
RWA-690460c07bbf59fb,eastern_rural,1,False,False
RWA-691308ec21f012a1,eastern_rural,1,False,False
RWA-69160b1829208e2f,eastern_rural,1,False,False
RWA-69286faeb118593f,eastern_rural,1,False,False
RWA-69542719a7fd47d5,eastern_rural,0,False,False
RWA-696801de874fc9c9,eastern_rural,0,False,False
RWA-69ee0235be270ae4,eastern_rural,0,False,False
RWA-69fe5b0cac177d68,eastern_rural,2,False,False
RWA-69ff3a01e56764f5,eastern_rural,2,False,False
RWA-6a38f15192211313,eastern_rural,0,False,False
RWA-6a4fd4262e35689e,eastern_rural,2,False,False
RWA-6a61d73b0e27d961,eastern_rural,2,False,False
RWA-6a7cf8669bbc3b8b,eastern_rural,0,False,False
RWA-6a87dff66afffe16,eastern_rural,0,False,False
RWA-6aa80c49f53e6c29,eastern_rural,1,False,False
RWA-6b087ebbf5302f5d,eastern_rural,2,False,False
RWA-6b18a400429ff79a,eastern_rural,0,False,False
RWA-6b55b5cee978662f,eastern_rural,1,False,False
RWA-6b9e1fe9eb456e8b,eastern_rural,1,False,False
RWA-6ba2bdf04e2e770d,eastern_rural,1,False,False
RWA-6bbfdfdb4df63cd7,eastern_rural,2,False,False
RWA-6c13d93bed57bb25,eastern_rural,0,False,False
RWA-6c3642c32b9fb1a6,eastern_rural,2,False,True
RWA-6c65e18636598090,eastern_rural,2,False,False
RWA-6c975031d750618a,eastern_rural,0,False,False
RWA-6c9cda738e3489ca,eastern_rural,1,False,False
RWA-6ca08a20af65e198,eastern_rural,0,False,False
RWA-6cacd927e8790270,eastern_rural,1,False,False
RWA-6ce0cab66fa09aa4,eastern_rural,2,False,False
RWA-6ce9b155839599fd,eastern_rural,1,False,False
RWA-6cfdb174eea13de2,eastern_rural,2,False,False
RWA-6cff298336a57a75,eastern_rural,1,False,False
RWA-6d0d3cf005f0820e,eastern_rural,1,False,False
RWA-6d57ec04f612c4e2,eastern_rural,2,False,False
RWA-6d6da71c7b7ae7b0,eastern_rural,0,False,False
RWA-6d7d699cfe01d1ed,eastern_rural,1,False,False
RWA-6d97c559200e524b,eastern_rural,1,False,False
RWA-6dad5e19b3155c82,eastern_rural,2,False,False
RWA-6dc29b61d0e2d5a7,eastern_rural,1,False,False
RWA-6ddd84799579d69e,eastern_rural,0,False,False
RWA-6df3f7c2485d1505,eastern_rural,0,False,False
RWA-6e06320d030cd0db,eastern_rural,2,False,False
RWA-6e4f3d79e4468dcf,eastern_rural,1,False,False
RWA-6e715c68b4675157,eastern_rural,1,False,False
RWA-6e93ffd5c6fdc6e0,eastern_rural,1,False,False
RWA-6e96e46c6f304d46,eastern_rural,2,False,False
RWA-6e9780fa203966cc,eastern_rural,1,False,False
RWA-6eb7e3a34dc412c5,eastern_rural,0,False,True
RWA-6eb8bba5c9504cb2,eastern_rural,2,False,False
RWA-6f211ecb27147307,eastern_rural,2,False,True
RWA-6f23ca11eecccc7b,eastern_rural,0,False,True
RWA-6f25a71bfd686cfa,eastern_rural,0,False,False
RWA-6f41afd7a8e6a77d,eastern_rural,0,False,False
RWA-6f4f65af56b8f5db,eastern_rural,0,False,False
RWA-6f5bf90ee2299345,eastern_rural,0,False,False
RWA-6f60089b8d30ff44,eastern_rural,1,False,False
RWA-6f7265ef6dc93b0b,eastern_rural,0,False,False
RWA-6faac54f326ca592,eastern_rural,2,False,False
RWA-6fad0b4b8bd946c1,eastern_rural,1,False,False
RWA-7030d95cddc96b8b,eastern_rural,0,False,False
RWA-7060ed3a76147ad4,eastern_rural,2,False,False
RWA-707d47b15041060b,eastern_rural,1,False,False
RWA-708a89dfc09b084f,eastern_rural,0,False,False
RWA-7131ae2772645309,eastern_rural,0,False,False
RWA-7131cf73adb0da5b,eastern_rural,0,False,False
RWA-714374b975fda774,eastern_rural,1,False,False
RWA-71510980e19f3f77,eastern_rural,1,False,False
RWA-7161e76347f44e05,eastern_rural,0,False,False
RWA-71693ee9a3c418f1,eastern_rural,2,False,False
RWA-717133a99633afd9,eastern_rural,2,False,False
RWA-71e217b9154d937c,eastern_rural,2,False,False
RWA-71fb0f2f5371b335,eastern_rural,1,False,False
RWA-723a89afcbf49da7,eastern_rural,0,False,False
RWA-725671c84a2accf9,eastern_rural,1,False,False
RWA-7268749f659ca07a,eastern_rural,1,False,False
RWA-72bff66bbae12294,eastern_rural,0,False,True
RWA-72c16e07d39ebb54,eastern_rural,1,False,False
RWA-7317ea9b3c657fbd,eastern_rural,1,False,False
RWA-7329b78fab1b139b,eastern_rural,2,False,False
RWA-733d710b95d3694e,eastern_rural,1,False,False
RWA-7357f041ff0b8e4f,eastern_rural,2,False,False
RWA-735e744aca74dc31,eastern_rural,0,False,False
RWA-7380cbc2796e86f6,eastern_rural,2,False,False
RWA-746b628e0b622de8,eastern_rural,0,False,False
RWA-74708583318d0f64,eastern_rural,0,False,False
RWA-7488daa075794804,eastern_rural,0,False,False
RWA-749172efb2019c52,eastern_rural,0,False,False
RWA-74ba423abe40bdc9,eastern_rural,0,False,False
RWA-74c460b015cb1c51,eastern_rural,1,False,False
RWA-754b035f81532203,eastern_rural,1,False,False
RWA-7551d07c4c46da1f,eastern_rural,2,False,False
RWA-7568a0c4a9cca7af,eastern_rural,1,False,False
RWA-757a5bc07784e56f,eastern_rural,2,False,False
RWA-75997756ec63444f,eastern_rural,0,False,False
RWA-75a1dbf8057941e6,eastern_rural,1,False,False
RWA-76aa5cc986e455fd,eastern_rural,0,False,False
RWA-76ea713c920c4fbb,eastern_rural,0,False,False
RWA-76efcdfeb648b4a0,eastern_rural,2,False,False
RWA-76f2441d95dc543a,eastern_rural,0,False,False
RWA-76f33b6fe7c55052,eastern_rural,2,False,False
RWA-772f62e6345d6ae8,eastern_rural,1,False,False
RWA-77c555b817f2d45e,eastern_rural,1,False,False
RWA-781f51997c9cf790,eastern_rural,1,False,False
RWA-7871e7aca6fefe13,eastern_rural,0,False,False
RWA-78b9f450200e4c5f,eastern_rural,0,False,False
RWA-78e4271ddbe0da3d,eastern_rural,2,False,False
RWA-7960b6377a6ee3c3,eastern_rural,1,False,False
RWA-79b90b47eecb35d8,eastern_rural,1,False,False
RWA-79d69aa293ce2aca,eastern_rural,2,False,True
RWA-7a100753ccb9692e,eastern_rural,0,False,True
RWA-7a57ff26ff1cef44,eastern_rural,1,False,False
RWA-7b0055b2c3c7e4e9,eastern_rural,1,False,False
RWA-7b18ba5e0affc102,eastern_rural,1,False,False
RWA-7b77f8c8b54a9f1e,eastern_rural,2,False,False
RWA-7b7e823a69a40c0c,eastern_rural,1,False,False
RWA-7b858b3f556303ac,eastern_rural,0,False,False
RWA-7b88bcf4b8bc5ad2,eastern_rural,2,False,False
RWA-7bbdb7949994c537,eastern_rural,1,False,False
RWA-7bd4ddb541d081f1,eastern_rural,0,False,False
RWA-7bf3b8177da17c33,eastern_rural,0,False,True
RWA-7c23c8276fe4213d,eastern_rural,0,False,False
RWA-7c3f42bc07636898,eastern_rural,1,False,False
RWA-7caadf202df910f9,eastern_rural,2,False,False
RWA-7cc2570dbef553ba,eastern_rural,1,False,False
RWA-7cfe86a436d36940,eastern_rural,1,False,False
RWA-7d2155f04c0c1a25,eastern_rural,0,False,False
RWA-7d4323d773e9223c,eastern_rural,2,False,False
RWA-7d604cde356c2dce,eastern_rural,0,False,False
RWA-7d6287ca3002e03a,eastern_rural,2,False,False
RWA-7d90322d98eadd0c,eastern_rural,1,False,False
RWA-7dbc7e95cabd942c,eastern_rural,0,False,False
RWA-7dfd9b0bfc7f7048,eastern_rural,1,False,False
RWA-7e3d2f6428750aba,eastern_rural,0,False,False
RWA-7e9bb08a92127864,eastern_rural,2,False,False
RWA-7ebd3ed5f3d3d40e,eastern_rural,2,False,False
RWA-7eecffecf90406f0,eastern_rural,1,False,False
RWA-7efecf6c5fc799f5,eastern_rural,0,False,False
RWA-7f1cdcac0f8dd2a3,eastern_rural,1,False,False
RWA-7f2071ee803ef24f,eastern_rural,2,False,False
RWA-7ff9a9e399cbb51a,eastern_rural,2,False,False
RWA-805b91ef74791f08,eastern_rural,2,False,False
RWA-80aada6d7e8e3317,eastern_rural,2,False,False
RWA-80fa74161da3d668,eastern_rural,2,False,False
RWA-81508d2dbaaf0189,eastern_rural,2,False,False
RWA-816156db62134d75,eastern_rural,0,False,False
RWA-817ff774bf4ec1da,eastern_rural,2,False,False
RWA-81a821de0db59d0f,eastern_rural,1,False,False
RWA-81b093583c65d779,eastern_rural,1,False,False
RWA-81cc882d2e2d29d4,eastern_rural,2,False,False
RWA-81cd05c5f2c87990,eastern_rural,1,False,False
RWA-81e91bc2c97dfb4a,eastern_rural,2,False,False
RWA-8206b03330b15d94,eastern_rural,1,False,False
RWA-82bd8c9ad00d4632,eastern_rural,1,False,False
RWA-82cf970773c3a22e,eastern_rural,0,False,False
RWA-8312d0c40348e8a2,eastern_rural,1,False,False
RWA-83156e42e5f7cd7d,eastern_rural,1,False,False
RWA-8375c70974fa9e8f,eastern_rural,1,False,False
RWA-83b420661791f880,eastern_rural,2,False,False
RWA-83c476048c2c9719,eastern_rural,0,False,False
RWA-83cc3f430526c476,eastern_rural,2,False,False
RWA-8442c99fe2620659,eastern_rural,2,False,False
RWA-846d9f818711c54a,eastern_rural,0,False,False
RWA-84efdf5fcae19958,eastern_rural,2,False,False
RWA-854704b86d3a02ff,eastern_rural,0,False,False
RWA-85511a3bb4a1e1ee,eastern_rural,0,False,False
RWA-85b6dac3e83bb727,eastern_rural,0,False,False
RWA-85b9ea2b1a5c5006,eastern_rural,1,False,True
RWA-85d156d357d46e49,eastern_rural,2,False,False
RWA-85e583a939356648,eastern_rural,0,False,False
RWA-85efd2c25ce413c1,eastern_rural,0,False,False
RWA-86168fb27d25b7b0,eastern_rural,2,False,False
RWA-8679fe7836d3c769,eastern_rural,1,False,False
RWA-86ac740fe65ad40f,eastern_rural,0,False,False
RWA-870ae1f5c7dee200,eastern_rural,2,False,False
RWA-874c5874482b0956,eastern_rural,1,False,False
RWA-87b20bee977fbbd9,eastern_rural,0,False,False
RWA-87ba726b8050156a,eastern_rural,2,False,False
RWA-87be4322d708a297,eastern_rural,1,False,False
RWA-87ebcc684a85f40b,eastern_rural,0,False,False
RWA-87f2831e224defc3,eastern_rural,0,False,False
RWA-87f3eabaad81a49a,eastern_rural,2,False,False
RWA-87f7ad8b2a510540,eastern_rural,2,False,False
RWA-88784a02370e6b13,eastern_rural,2,False,False
RWA-887f9dbb9d592670,eastern_rural,0,False,False
RWA-88f6f9c7cef9605b,eastern_rural,1,False,False
RWA-89915c4dff9b5c85,eastern_rural,0,False,False
RWA-8992e68b1d640f42,eastern_rural,2,False,False
RWA-899d619fb9d90359,eastern_rural,1,False,False
RWA-89f3bf0dcb0e3e7f,eastern_rural,1,False,False
RWA-8a021f472ff3a46e,eastern_rural,0,False,False
RWA-8a1639e23895a0c4,eastern_rural,1,False,False
RWA-8a1e57d227c64419,eastern_rural,0,False,False
RWA-8a76791b77df054d,eastern_rural,2,False,False
RWA-8a7f55c4d64384ca,eastern_rural,2,False,False
RWA-8ac7e93ef1564e41,eastern_rural,2,False,False
RWA-8ad184d4656cbed1,eastern_rural,1,False,False
RWA-8ad6d9c5fda5f786,eastern_rural,0,False,False
RWA-8ae8c68447827b8d,eastern_rural,2,False,False
RWA-8b10cf6ee0b4297e,eastern_rural,1,False,False
RWA-8b324f9f0b13038e,eastern_rural,1,False,False
RWA-8b4b277b3e8cbef1,eastern_rural,1,False,False
RWA-8bb1a55a0e6e5ffe,eastern_rural,0,False,False
RWA-8bf66965f291f10b,eastern_rural,1,False,False
RWA-8c1c21d25cdbadca,eastern_rural,2,False,False
RWA-8c6cacb23e27669a,eastern_rural,1,False,False
RWA-8ca1d87141602d42,eastern_rural,2,False,False
RWA-8caa9e9eebc54543,eastern_rural,2,False,False
RWA-8cb664eff7783d18,eastern_rural,0,False,False
RWA-8ce25e1e415ba358,eastern_rural,2,False,True
RWA-8cfd604df01b462f,eastern_rural,1,False,False
RWA-8d083ba88f6022af,eastern_rural,1,False,False
RWA-8d3a51d781669733,eastern_rural,2,False,False
RWA-8e2456b95c0ac809,eastern_rural,2,False,False
RWA-8e28a5a10b0fede8,eastern_rural,1,False,False
RWA-8e72517f56357058,eastern_rural,2,False,False
RWA-8eb998e8fd8f10d6,eastern_rural,0,False,False
RWA-8ed56a44fd6e5739,eastern_rural,1,False,False
RWA-8f0dfc024843a392,eastern_rural,2,False,False
RWA-8f1b372f709e5f17,eastern_rural,1,False,False
RWA-8f213683196ffedf,eastern_rural,0,False,False
RWA-8f4afb6ffb538c6c,eastern_rural,2,False,False
RWA-8fb139e9105bad18,eastern_rural,1,False,False
RWA-8fc3f7b2cbe0471b,eastern_rural,2,False,False
RWA-8fd49cb970a42f09,eastern_rural,2,False,True
RWA-902f77df6ebe6ffd,eastern_rural,1,False,False
RWA-903aa74fd93589c4,eastern_rural,2,False,False
RWA-9052d84d6023b921,eastern_rural,1,False,False
RWA-9064c53329e3617e,eastern_rural,1,False,True
RWA-90907d96ddf0f26f,eastern_rural,2,False,False
RWA-90962c1652538dfe,eastern_rural,2,False,False
RWA-90dd92fcff2effe5,eastern_rural,1,False,False
RWA-90ed97aa185661c7,eastern_rural,2,False,True
RWA-9156aeea1d252d88,eastern_rural,1,False,False
RWA-91577e261bf325e3,eastern_rural,1,False,False
RWA-91cbfca0b29ae9b7,eastern_rural,2,False,False
RWA-91dc9307b1eb1872,eastern_rural,1,False,False
RWA-91e4220e5bb5fab9,eastern_rural,2,False,False
RWA-91e6587ac87f3042,eastern_rural,2,False,False
RWA-91f97e907163b466,eastern_rural,1,False,False
RWA-922ee06a3ac54114,eastern_rural,2,False,False
RWA-92530f7a73330ba2,eastern_rural,1,False,False
RWA-9262cb75c56f90a7,eastern_rural,2,False,False
RWA-9297c3525862fbc1,eastern_rural,1,False,True
RWA-933f43da32822972,eastern_rural,1,False,False
RWA-93aef31b5ae9d393,eastern_rural,1,False,False
RWA-93f06fb768b9bdf1,eastern_rural,2,False,False
RWA-942e0d55642cab74,eastern_rural,2,False,False
RWA-94e7cfc44a6bc3a1,eastern_rural,2,False,False
RWA-9538bd56880f7e23,eastern_rural,2,False,False
RWA-955fab7901d493c5,eastern_rural,1,False,False
RWA-956be0c48a2379dc,eastern_rural,2,False,False
RWA-95ada474b28d1752,eastern_rural,0,False,False
RWA-95d8dab8bbf5cec8,eastern_rural,0,False,False
RWA-95f6348790f0bcdb,eastern_rural,2,False,False
RWA-96692678dca8d117,eastern_rural,0,False,False
RWA-967040c3a6ff0c9c,eastern_rural,0,False,False
RWA-967c0f01305686eb,eastern_rural,2,False,True
RWA-968ce1cb422275a3,eastern_rural,2,False,False
RWA-96dab304d7c2bc15,eastern_rural,1,False,True
RWA-96ed25ee15943544,eastern_rural,2,False,False
RWA-970489d85f4c6ca3,eastern_rural,2,False,False
RWA-971f889940f33cce,eastern_rural,1,False,False
RWA-9764c664285368f2,eastern_rural,0,False,False
RWA-977583f1a776be74,eastern_rural,2,False,False
RWA-977cad2467ad9646,eastern_rural,1,False,False
RWA-97d8d19017ef3f6b,eastern_rural,1,False,False
RWA-97deeba43986748c,eastern_rural,2,False,False
RWA-981eaf2799103cab,eastern_rural,1,False,True
RWA-98a5227dde7b15ad,eastern_rural,2,False,False
RWA-98d6f656d635c7d8,eastern_rural,2,False,False
RWA-99237ede93750427,eastern_rural,2,False,False
RWA-9973e5be53c83761,eastern_rural,2,False,False
RWA-99974017ebfbfa23,eastern_rural,2,False,False
RWA-99a2169241e7bfbe,eastern_rural,2,False,False
RWA-99bb6fe4b4b43ea2,eastern_rural,1,False,False
RWA-99bfede1668677d5,eastern_rural,1,False,False
RWA-99d3867dc2aeb1a4,eastern_rural,0,False,False
RWA-99fdc1215477e3eb,eastern_rural,2,False,False
RWA-9a1837781d0cc379,eastern_rural,0,False,False
RWA-9a265e2cd134fa12,eastern_rural,0,False,True
RWA-9a32aa4ec6c93555,eastern_rural,1,False,False
RWA-9a37358f7842ffd9,eastern_rural,2,False,False
RWA-9a606d6ecf6290e3,eastern_rural,0,False,False
RWA-9afaad9adc23ab50,eastern_rural,2,False,False
RWA-9b047d1a2f012d92,eastern_rural,1,False,False
RWA-9b6263fce49b95c4,eastern_rural,0,False,False
RWA-9b998ef4b17d6f09,eastern_rural,2,False,False
RWA-9bda42e6e34f4aeb,eastern_rural,0,False,False
RWA-9bfe04f798301dee,eastern_rural,1,False,False
RWA-9c0c9ddddc4e6682,eastern_rural,0,False,False
RWA-9c2e61bbd49b4948,eastern_rural,1,False,False
RWA-9c3774571d65c89e,eastern_rural,1,False,False
RWA-9cc6faba729595bb,eastern_rural,0,False,False
RWA-9d1680940be99d80,eastern_rural,1,False,False
RWA-9d6c863eaf818e7c,eastern_rural,0,False,False
RWA-9dd47bee7004e9ef,eastern_rural,0,False,False
RWA-9de923973409e584,eastern_rural,0,False,False
RWA-9e20debea06e3bb9,eastern_rural,0,False,False
RWA-9e5744613be71d91,eastern_rural,1,False,False
RWA-9e9b7df17305890d,eastern_rural,2,False,False
RWA-9ea92cb16a7977f8,eastern_rural,2,False,False
RWA-9f017deb1341a7a2,eastern_rural,0,False,False
RWA-9f04fa6c6caceab7,eastern_rural,2,False,False
RWA-9fd384911203ff4b,eastern_rural,0,False,False
RWA-9fdaeddb540b71bc,eastern_rural,1,False,True
RWA-a00034a5a99b9d87,eastern_rural,0,False,False
RWA-a0022a7d713459c4,eastern_rural,0,False,False
RWA-a025e6198d084a7f,eastern_rural,2,False,False
RWA-a03e5c6ffcf5fbd4,eastern_rural,1,False,False
RWA-a0ac2ab7b23a5028,eastern_rural,0,False,False
RWA-a0d6b3f511fd1911,eastern_rural,0,False,False
RWA-a0df2387422aa15c,eastern_rural,2,False,False
RWA-a148c3938b736db4,eastern_rural,1,False,False
RWA-a14c5cd5574667f6,eastern_rural,0,False,False
RWA-a1860b02590b4ce1,eastern_rural,2,False,False
RWA-a1c1b06f01fc7184,eastern_rural,1,False,False
RWA-a1cb922f68b42f01,eastern_rural,0,False,False
RWA-a1fb306c39691734,eastern_rural,0,False,False
RWA-a223b4fbd463a848,eastern_rural,0,False,True
RWA-a260b7b3796a4e65,eastern_rural,0,False,False
RWA-a28e9da728ab2119,eastern_rural,2,False,False
RWA-a2c9b55777cfdac4,eastern_rural,2,False,True
RWA-a312651577cc9deb,eastern_rural,0,False,False
RWA-a315fbdaaff9d98e,eastern_rural,0,False,False
RWA-a357db8534b523f6,eastern_rural,2,False,False
RWA-a35d67292232e050,eastern_rural,2,False,False
RWA-a36b8e8525e1e12a,eastern_rural,1,False,False
RWA-a37a3b9e6ea62b72,eastern_rural,0,False,False
RWA-a37dc70191937011,eastern_rural,0,False,False
RWA-a3f8f84a99d9b2ae,eastern_rural,2,False,False
RWA-a3fe651656072ca1,eastern_rural,1,False,False
RWA-a4027fac8da51449,eastern_rural,0,False,False
RWA-a45565c3a9087346,eastern_rural,1,False,False
RWA-a45c1ac5caecf4bb,eastern_rural,1,False,False
RWA-a472ca345eda599f,eastern_rural,0,False,False
RWA-a48e0b9acb11b42c,eastern_rural,2,False,False
RWA-a4af6311ff9ae42d,eastern_rural,1,False,False
RWA-a4b02a42c498ddf0,eastern_rural,2,False,False
RWA-a51fa8d116c58420,eastern_rural,0,False,False
RWA-a5244f5c7f5c0451,eastern_rural,0,False,False
RWA-a52570d1b453744e,eastern_rural,1,False,False
RWA-a5378e9d758f5409,eastern_rural,0,False,False
RWA-a54ac41f7cc1f630,eastern_rural,0,False,False
RWA-a54ed27a2292687b,eastern_rural,1,False,False
RWA-a581aee103aecabb,eastern_rural,1,False,False
RWA-a5b613321700ccd0,eastern_rural,1,False,False
RWA-a5bced7b699f72a9,eastern_rural,1,False,False
RWA-a5c424b59494828f,eastern_rural,2,False,False
RWA-a5d804b10d738d96,eastern_rural,0,False,False
RWA-a5f0f8738896b7f4,eastern_rural,1,False,False
RWA-a6411a65891a1885,eastern_rural,0,False,True
RWA-a644ac57fc4979c8,eastern_rural,1,False,False
RWA-a68c48045156f190,eastern_rural,2,False,False
RWA-a6ac448c155fe1d0,eastern_rural,2,False,False
RWA-a76146a7d871e78c,eastern_rural,0,False,False
RWA-a76f04de708374a8,eastern_rural,0,False,False
RWA-a7954f47c2593c9a,eastern_rural,0,False,False
RWA-a7c3d7f5fd730d4d,eastern_rural,2,False,False
RWA-a7d999b751cc1196,eastern_rural,0,False,False
RWA-a8216c4d30b9e21d,eastern_rural,2,False,False
RWA-a8309bdc834b66d4,eastern_rural,1,False,False
RWA-a8322c46f824ca76,eastern_rural,1,False,False
RWA-a84f3c40b406dc6a,eastern_rural,0,False,False
RWA-a8a04147ec65002b,eastern_rural,1,False,True
RWA-a8b724a12ac5e560,eastern_rural,2,False,False
RWA-a8ca5d85649f8017,eastern_rural,1,False,False
RWA-a90898486ec01f66,eastern_rural,1,False,False
RWA-a9b10ccffec64b87,eastern_rural,1,False,False
RWA-a9b8121f244e8955,eastern_rural,1,False,False
RWA-a9b936bcbaa0ec06,eastern_rural,1,False,False
RWA-a9de4b244b47b6e2,eastern_rural,0,False,True
RWA-a9fc182b5d3b8532,eastern_rural,1,False,False
RWA-aa0558bfffe7e1eb,eastern_rural,0,False,False
RWA-aa2cea5aa6c05d8e,eastern_rural,2,False,False
RWA-aa51ab636366dd7e,eastern_rural,0,False,False
RWA-aa5c443499a329b4,eastern_rural,1,False,False
RWA-aa708912daa2f6f6,eastern_rural,0,False,False
RWA-aaf1889695d1947b,eastern_rural,1,False,False
RWA-ab1fdad08652c2f8,eastern_rural,0,False,False
RWA-ab54945c1052ee10,eastern_rural,2,False,False
RWA-ab6b067a2be57930,eastern_rural,2,False,True
RWA-abbdebb0012f09c7,eastern_rural,1,False,False
RWA-abf34e86362784e2,eastern_rural,0,False,True
RWA-ac5829bd72c0a4ee,eastern_rural,2,False,False
RWA-ac79fcc1b02b37c1,eastern_rural,0,False,False
RWA-ac9f9aafd200fa48,eastern_rural,0,False,False
RWA-aca3b493fff9662c,eastern_rural,1,False,False
RWA-aced3a0bd43064d6,eastern_rural,2,False,True
RWA-ad2beec5e4dd3a43,eastern_rural,2,False,False
RWA-ad38d6ba53423d5f,eastern_rural,2,False,False
RWA-ad47df5c64e855fa,eastern_rural,1,False,False
RWA-ad65a698978a0692,eastern_rural,0,False,False
RWA-ae1a85fab10df27d,eastern_rural,1,False,False
RWA-ae4999a603cbd88c,eastern_rural,2,False,True
RWA-ae5dd89dd6a84db5,eastern_rural,0,False,False
RWA-ae7dc2e393029492,eastern_rural,1,False,False
RWA-aea7a01a38613791,eastern_rural,2,False,False
RWA-aed6297a0d35138b,eastern_rural,1,False,False
RWA-aef4c350091b801f,eastern_rural,1,False,False
RWA-af124cfb4d08c8f5,eastern_rural,0,False,False
RWA-af4b4a6d0909879e,eastern_rural,2,False,False
RWA-af80fa30ffaff251,eastern_rural,0,False,False
RWA-af9a52c134fb9656,eastern_rural,1,False,False
RWA-afb7874410b704b6,eastern_rural,1,False,False
RWA-afc232560d27727c,eastern_rural,2,False,False
RWA-aff396a937ad4c1f,eastern_rural,2,False,False
RWA-b05af514eb29cdb1,eastern_rural,2,False,False
RWA-b06c7718f6304a4b,eastern_rural,2,False,False
RWA-b07fc90e3ea5afe4,eastern_rural,1,False,False
RWA-b084c489dc5d0cf4,eastern_rural,2,False,False
RWA-b08b84d6d91d5823,eastern_rural,2,False,True
RWA-b0f466a5895bf9fe,eastern_rural,2,False,False
RWA-b1372eedb00571c7,eastern_rural,2,False,False
RWA-b19a2e72946499d7,eastern_rural,2,False,False
RWA-b1c126d251e41ccd,eastern_rural,1,False,False
RWA-b1cfb6b40d6940fb,eastern_rural,0,False,False
RWA-b1dce71a7c827fce,eastern_rural,0,False,False
RWA-b1fd14fb13a48daa,eastern_rural,2,False,False
RWA-b21795cb02652dae,eastern_rural,1,False,False
RWA-b239e65665d6bba6,eastern_rural,0,False,False
RWA-b240ce799af74250,eastern_rural,0,False,False
RWA-b3120973ce212c9a,eastern_rural,1,False,False
RWA-b3fe6e0b871352e7,eastern_rural,2,False,False
RWA-b4212dad6a372ded,eastern_rural,2,False,False
RWA-b449fda9023ffecf,eastern_rural,2,False,False
RWA-b4b49df08539f7bb,eastern_rural,1,False,False
RWA-b4d325fdc2a9539d,eastern_rural,0,False,False
RWA-b4e9a9b65527df18,eastern_rural,2,False,False
RWA-b5626c0cac6b9995,eastern_rural,1,False,False
RWA-b62ce2d5f90a6c9a,eastern_rural,2,False,True
RWA-b690187845f4df38,eastern_rural,2,False,False
RWA-b69ed3f840d1e5ee,eastern_rural,0,False,False
RWA-b6d74270ed081d75,eastern_rural,0,False,False
RWA-b6dd20a07ba256fa,eastern_rural,2,False,False
RWA-b6ec88440902e46a,eastern_rural,1,False,False
RWA-b70f89e8b7eb6ee9,eastern_rural,1,False,False
RWA-b723e75418d2ca5a,eastern_rural,0,False,False
RWA-b7450982b00ffe49,eastern_rural,2,False,False
RWA-b75775353559f6ca,eastern_rural,1,False,True
RWA-b765657fec9e5df6,eastern_rural,1,False,False
RWA-b7714e2881831361,eastern_rural,0,False,True
RWA-b7c5ff9039f298df,eastern_rural,2,False,False
RWA-b8760a9e5f67fad3,eastern_rural,0,False,False
RWA-b88554449fba992c,eastern_rural,0,False,True
RWA-b8adfce634f13267,eastern_rural,1,False,False
RWA-b8d861f859e15cf8,eastern_rural,2,False,False
RWA-b8ee31277eff092a,eastern_rural,1,False,False
RWA-b99ebc75942922f0,eastern_rural,0,False,False
RWA-b9cb4b545a701086,eastern_rural,0,False,False
RWA-b9e4423031cd6575,eastern_rural,1,False,False
RWA-ba84d43a37eb4dba,eastern_rural,1,False,False
RWA-bae11e776950b163,eastern_rural,2,False,False
RWA-bb235f6094170204,eastern_rural,0,False,False
RWA-bb350a01ba08af90,eastern_rural,2,False,False
RWA-bb46f72e65680d57,eastern_rural,0,False,False
RWA-bb60290ee52641b3,eastern_rural,2,False,False
RWA-bb6d5d33d43e573c,eastern_rural,0,False,False
RWA-bb83f3a742aafb33,eastern_rural,0,False,False
RWA-bb966f23d3ce6dc5,eastern_rural,0,False,False
RWA-bba05e3d4ce89287,eastern_rural,0,False,False
RWA-bbdaea105430b55e,eastern_rural,1,False,False
RWA-bbfec1865b6aea2f,eastern_rural,0,False,False
RWA-bc08ced421f6c5d9,eastern_rural,0,False,True
RWA-bc34a60199cc80ca,eastern_rural,0,False,False
RWA-bc4aa72e93ca0538,eastern_rural,0,False,False
RWA-bc8cd1a7d158028d,eastern_rural,2,False,False
RWA-bc948021188a1990,eastern_rural,1,False,False
RWA-bca4c8d502ed57e6,eastern_rural,0,False,False
RWA-bcbf1bdb07e6f815,eastern_rural,1,False,False
RWA-bcc50d730ae6e3c3,eastern_rural,0,False,False
RWA-bcded401827a66dc,eastern_rural,0,False,False
RWA-bd33d98350da0b42,eastern_rural,0,False,False
RWA-bd5c202c03713948,eastern_rural,1,False,False
RWA-bd6152cbca32aed2,eastern_rural,1,False,False
RWA-bd63130696c4617a,eastern_rural,1,False,False
RWA-bd99e164a8a7c226,eastern_rural,2,False,False
RWA-bdaa1817a5f80309,eastern_rural,1,False,False
RWA-bdd0b925106a0029,eastern_rural,1,False,False
RWA-bde0d789b703ed3d,eastern_rural,0,False,False
RWA-be19f29ea24fddba,eastern_rural,2,False,False
RWA-be2f602d8736e5eb,eastern_rural,1,False,False
RWA-be4550fcf723b229,eastern_rural,2,False,False
RWA-be60f7e0ca0531e7,eastern_rural,0,False,False
RWA-be66bd1ae7a5a772,eastern_rural,0,False,False
RWA-bea0de4e3c3576b3,eastern_rural,0,False,False
RWA-bed95342df26f6a5,eastern_rural,0,False,False
RWA-bf1f02db48215fce,eastern_rural,1,False,False
RWA-bf21aae87ef3f9c9,eastern_rural,0,False,False
RWA-bf23fa741ecda9e3,eastern_rural,1,False,False
RWA-bf2b41c6e33aac0c,eastern_rural,0,False,False
RWA-bfc130106a2a5b57,eastern_rural,1,False,False
RWA-bfed6c73b34f8998,eastern_rural,0,False,True
RWA-bfefabe730742353,eastern_rural,2,False,False
RWA-c02f30750fad4243,eastern_rural,0,False,False
RWA-c05144f8d5402ac8,eastern_rural,2,False,False
RWA-c07cd45ab048c95d,eastern_rural,0,False,False
RWA-c0cb67a6ec5db120,eastern_rural,2,False,False
RWA-c0dd072357cb4ede,eastern_rural,1,False,False
RWA-c0e157502268a4bb,eastern_rural,1,False,True
RWA-c118548c81d5ea6e,eastern_rural,2,False,False
RWA-c17e669d5ef8ebe3,eastern_rural,0,False,False
RWA-c1ac09d59edb1dac,eastern_rural,2,False,False
RWA-c1edb8079190e6bf,eastern_rural,1,False,False
RWA-c1f57d2e8084dc01,eastern_rural,0,False,True
RWA-c212ef11bc1e0b57,eastern_rural,1,False,False
RWA-c22c388763068099,eastern_rural,1,False,False
RWA-c27d3b8dd81aab4d,eastern_rural,2,False,False
RWA-c2b810f6f728d95b,eastern_rural,0,False,False
RWA-c2e988042a1e8722,eastern_rural,0,False,False
RWA-c2e9adc9fccdb1be,eastern_rural,0,False,False
RWA-c359d374c5725d16,eastern_rural,0,False,False
RWA-c362c1b4c6fb215b,eastern_rural,0,False,False
RWA-c3870d108f87243e,eastern_rural,1,False,False
RWA-c387426bf1c56638,eastern_rural,0,False,False
RWA-c39effb939a5d240,eastern_rural,2,False,False
RWA-c3bd5c63f578730a,eastern_rural,1,False,False
RWA-c3d7c7fe29723473,eastern_rural,1,False,False
RWA-c3f40c30be269819,eastern_rural,1,False,True
RWA-c40012912fa1c552,eastern_rural,0,False,False
RWA-c406c149fb008939,eastern_rural,1,False,False
RWA-c443e15f0eef1736,eastern_rural,0,False,False
RWA-c473e47948ad3f27,eastern_rural,0,False,False
RWA-c4dfb37310cc41dc,eastern_rural,2,False,False
RWA-c52731d569d584de,eastern_rural,0,False,False
RWA-c539856571efe872,eastern_rural,2,False,False
RWA-c5c6f7c0e9e15ab3,eastern_rural,1,False,False
RWA-c5e333dfabe616a5,eastern_rural,0,False,False
RWA-c5f53c9e867e79b1,eastern_rural,0,False,False
RWA-c5fad0d154030ed8,eastern_rural,1,False,False
RWA-c64238753cc0c24e,eastern_rural,2,False,False
RWA-c663be4c80f3c783,eastern_rural,2,False,False
RWA-c678b3cb9411e341,eastern_rural,2,False,False
RWA-c67f961786567041,eastern_rural,0,False,False
RWA-c680d51660a4c5b5,eastern_rural,1,False,False
RWA-c6af8e38e53e1fdd,eastern_rural,1,False,False
RWA-c6e306818cb22ce8,eastern_rural,1,False,False
RWA-c70797a20776deeb,eastern_rural,2,False,False
RWA-c723620cc1a2c6c3,eastern_rural,1,False,False
RWA-c73b461832d35e9e,eastern_rural,1,False,False
RWA-c74d2e39563e3068,eastern_rural,1,False,False
RWA-c750ca7ffcc0ce1c,eastern_rural,1,False,False
RWA-c75772ba2566042c,eastern_rural,0,False,False
RWA-c75dbf9c438e299e,eastern_rural,1,False,False
RWA-c7817e5926d61627,eastern_rural,2,False,False
RWA-c78a46b0dffa1940,eastern_rural,0,False,False
RWA-c8098fe607984c03,eastern_rural,2,False,False
RWA-c88f9617982088d9,eastern_rural,2,False,True
RWA-c8b36fca171e68a5,eastern_rural,1,False,False
RWA-c8f5c91960cbd043,eastern_rural,2,False,False
RWA-c905566d0b968e60,eastern_rural,2,False,False
RWA-c92f7c3b06948c67,eastern_rural,1,False,False
RWA-c9cb97f023226167,eastern_rural,1,False,False
RWA-ca1d28ea5f0d8f86,eastern_rural,1,False,False
RWA-ca79aa3f5ebd33ee,eastern_rural,2,False,False
RWA-ca8c438ba778d9d4,eastern_rural,2,False,False
RWA-ca95c0cb5d95fdeb,eastern_rural,0,False,False
RWA-caad67a0a90aef83,eastern_rural,1,False,False
RWA-cab024ec8e8b78cb,eastern_rural,1,False,False
RWA-cacff2a0efd50021,eastern_rural,1,False,False
RWA-cb2ae021769cea0d,eastern_rural,1,False,False
RWA-cb425f1d4be4306e,eastern_rural,0,False,False
RWA-cb5315306d7cff87,eastern_rural,0,False,False
RWA-cb5eabd1d08a464f,eastern_rural,2,False,False
RWA-cb93a84be6de5420,eastern_rural,2,False,False
RWA-cbc9ae17f8409bd3,eastern_rural,0,False,False
RWA-cbdefc1c17867b0d,eastern_rural,1,False,False
RWA-cbfc81ca58d54e54,eastern_rural,0,False,False
RWA-cc340bb820fe4e5c,eastern_rural,0,False,False
RWA-cc43fb882dac7fb3,eastern_rural,1,False,True
RWA-ccd6a4e56dcebede,eastern_rural,1,False,False
RWA-cd0b6780ba02a33c,eastern_rural,1,False,False
RWA-cd28e181fe1ee372,eastern_rural,2,False,True
RWA-cd3a711bd711d7ce,eastern_rural,0,False,False
RWA-cd5c51b4c99a03f3,eastern_rural,2,False,False
RWA-cdc37d64b81b9f0e,eastern_rural,2,False,False
RWA-cdc3cd265fa35a25,eastern_rural,1,False,False
RWA-cdd5ff6696ddb934,eastern_rural,1,False,False
RWA-ce56ab0fbbfa01d9,eastern_rural,2,False,False
RWA-ce7f4a5fa92c7dc0,eastern_rural,0,False,False
RWA-ce9b7df8b4ec7521,eastern_rural,2,False,False
RWA-cea54735eb48a058,eastern_rural,2,False,False
RWA-cec9b4a3dcbcfda0,eastern_rural,0,False,False
RWA-cecc6f8cfee88b3a,eastern_rural,1,False,False
RWA-ced1188f52b38d5e,eastern_rural,2,False,False
RWA-cee5f62578eb2d1e,eastern_rural,1,False,False
RWA-ceebb7b0831d68f7,eastern_rural,1,False,False
RWA-cf0d45e197aa52cb,eastern_rural,0,False,False
RWA-cf87aeb190af8c8a,eastern_rural,0,False,False
RWA-cf9814af09acfe45,eastern_rural,0,False,False
RWA-cf9d620c7d321a51,eastern_rural,0,False,False
RWA-d0289048ac0dff52,eastern_rural,1,False,False
RWA-d03899ad033325ba,eastern_rural,1,False,False
RWA-d06e88a921c1b570,eastern_rural,0,False,False
RWA-d07c14792e8ed157,eastern_rural,1,False,False
RWA-d09320cea6416fa7,eastern_rural,1,False,False
RWA-d09bb47a99405299,eastern_rural,2,False,False
RWA-d0b0d87131d7242c,eastern_rural,2,False,False
RWA-d0fb3bda797ec311,eastern_rural,0,False,False
RWA-d18f2b4276df4041,eastern_rural,0,False,False
RWA-d1ac81dcf173fcff,eastern_rural,2,False,False
RWA-d1fe9c518e08d0f0,eastern_rural,2,False,False
RWA-d24c0b825a62446f,eastern_rural,2,False,False
RWA-d267cd2fa0832a34,eastern_rural,0,False,False
RWA-d27079346d2fecf4,eastern_rural,1,False,False
RWA-d2f548e6542f932b,eastern_rural,2,False,False
RWA-d3001d5855b342f0,eastern_rural,2,False,False
RWA-d3ceedf740b87604,eastern_rural,0,False,False
RWA-d3fc2f24e29ac177,eastern_rural,1,False,False
RWA-d43035fd0ac322be,eastern_rural,1,False,False
RWA-d45cbdedaebde2f7,eastern_rural,2,False,False
RWA-d4a551e25e6bbd79,eastern_rural,1,False,False
RWA-d4be92af298e3172,eastern_rural,1,False,False
RWA-d4d6dea30e422538,eastern_rural,1,False,False
RWA-d4da7b927fc8c599,eastern_rural,2,False,False
RWA-d54700ed606be942,eastern_rural,1,False,False
RWA-d56155b7b0888c88,eastern_rural,1,False,False
RWA-d57ca004e68925e2,eastern_rural,0,False,False
RWA-d5a743713c683255,eastern_rural,2,False,False
RWA-d5b498935e79006c,eastern_rural,1,False,False
RWA-d5deb8f57f06f06f,eastern_rural,0,False,False
RWA-d66888fee63215e1,eastern_rural,0,False,False
RWA-d68b4320dfcee827,eastern_rural,1,False,False
RWA-d6b0fa9d9dc47cd4,eastern_rural,1,False,False
RWA-d6c11f12fdb2c808,eastern_rural,1,False,False
RWA-d6ebf3df088a7902,eastern_rural,2,False,False
RWA-d701adb743532580,eastern_rural,0,False,False
RWA-d7528f111d653a95,eastern_rural,0,False,False
RWA-d788da5b3e2e651f,eastern_rural,0,False,True
RWA-d7d3ea685a4ccc64,eastern_rural,2,False,False
RWA-d7e1d899315a119a,eastern_rural,2,False,False
RWA-d800c81cb1494d6c,eastern_rural,2,False,False
RWA-d838482e36491275,eastern_rural,1,False,True
RWA-d88f4c62ab9bceac,eastern_rural,0,False,False
RWA-d8bdebe19be31b9a,eastern_rural,0,False,False
RWA-d8d38fb8450c0434,eastern_rural,1,False,False
RWA-d960cafa46a4b835,eastern_rural,0,False,False
RWA-d97677a97f2d94a5,eastern_rural,0,False,True
RWA-d987b94a04630d6e,eastern_rural,2,False,False
RWA-d9c23f01a8dc48ba,eastern_rural,1,False,False
RWA-d9da94889dba1fd4,eastern_rural,0,False,False
RWA-d9e2819a49fb8916,eastern_rural,0,False,False
RWA-da07e73737e21790,eastern_rural,0,False,False
RWA-da1a784a014e8965,eastern_rural,2,False,False
RWA-da1de0b81520e8cc,eastern_rural,1,False,False
RWA-da2065783b5e3374,eastern_rural,0,False,False
RWA-da2c50c8572ddc47,eastern_rural,1,False,False
RWA-da306081a1a24299,eastern_rural,0,False,False
RWA-da424a6684672ea9,eastern_rural,2,False,False
RWA-da9c31680cde043f,eastern_rural,0,False,False
RWA-daa4bb76e620edeb,eastern_rural,1,False,False
RWA-dacbea20c18fd024,eastern_rural,2,False,False
RWA-daec1a933294066c,eastern_rural,2,False,False
RWA-db229dd2f6954382,eastern_rural,1,False,False
RWA-db2f2a88163dceb4,eastern_rural,0,False,False
RWA-db7917a34d4af201,eastern_rural,0,False,False
RWA-dc000341aecf8f24,eastern_rural,2,False,False
RWA-dc04eb6fb0cf8e3d,eastern_rural,0,False,False
RWA-dc0a01f3e2976f65,eastern_rural,0,False,False
RWA-dc14624eeec89199,eastern_rural,0,False,False
RWA-dc37c2b7c8866be7,eastern_rural,0,False,False
RWA-dc4851517b3f7b84,eastern_rural,2,False,False
RWA-dc5f535850d10a2f,eastern_rural,2,False,False
RWA-dcb54d5b4e0ae6d5,eastern_rural,1,False,False
RWA-dcb6f8cfdfbe2548,eastern_rural,0,False,False
RWA-dcf81663fc82774e,eastern_rural,0,False,False
RWA-dd01c414f6cd3324,eastern_rural,1,False,False
RWA-dd05227b76e9810b,eastern_rural,2,False,False
RWA-dd069595645c04c0,eastern_rural,1,False,False
RWA-dd4b97d85e3f8ad1,eastern_rural,1,False,False
RWA-dd874878d2e00653,eastern_rural,1,False,False
RWA-dde97c45bf81021f,eastern_rural,0,False,False
RWA-de0d248c40dc6520,eastern_rural,0,False,False
RWA-de4a20a2cdd80b8c,eastern_rural,1,False,False
RWA-de9148fbef44289a,eastern_rural,2,False,True
RWA-de932ebd6e44e213,eastern_rural,1,False,False
RWA-de976e0c17f47c84,eastern_rural,2,False,False
RWA-df242f57b8c30072,eastern_rural,0,False,False
RWA-df48aae5d1319665,eastern_rural,2,False,True
RWA-dfa85e7271c4e73a,eastern_rural,0,False,False
RWA-dfad511122b2e419,eastern_rural,0,False,False
RWA-dfaedbd8f124ead9,eastern_rural,0,False,False
RWA-dfef885ab17edc1d,eastern_rural,1,False,False
RWA-dfff3c8df4936871,eastern_rural,0,False,False
RWA-e01271cf0f71dab5,eastern_rural,1,False,False
RWA-e01cdc5ea6528688,eastern_rural,0,False,False
RWA-e076c179b9bd94b4,eastern_rural,2,False,True
RWA-e09269f56e075235,eastern_rural,1,False,False
RWA-e0aed93d419bc0d8,eastern_rural,0,False,False
RWA-e0c205e0341fdb07,eastern_rural,0,False,False
RWA-e0d3eedeae31eb33,eastern_rural,0,False,True
RWA-e10f9f3292c47eb0,eastern_rural,1,False,False
RWA-e115b5f3602ca30f,eastern_rural,1,False,True
RWA-e11951dfd1284dec,eastern_rural,0,False,False
RWA-e11d63d3af132962,eastern_rural,2,False,False
RWA-e19b3c2ee3cee791,eastern_rural,0,False,False
RWA-e21ffd6c7fa47ac1,eastern_rural,2,False,False
RWA-e22ea3f86950813b,eastern_rural,0,False,False
RWA-e2a287c89d371aeb,eastern_rural,1,False,False
RWA-e2aa540f98848723,eastern_rural,0,False,False
RWA-e2b1dce0ab3787f4,eastern_rural,1,False,False
RWA-e2c897b615b505e4,eastern_rural,1,False,False
RWA-e2cc5e3e2cdd8b76,eastern_rural,2,False,False
RWA-e2ec30098ed41a69,eastern_rural,2,False,False
RWA-e3753d22391fc9be,eastern_rural,0,False,False
RWA-e38319cde8c06b4b,eastern_rural,1,False,False
RWA-e39144b276f89387,eastern_rural,0,False,False
RWA-e3d006548066adcf,eastern_rural,2,False,False
RWA-e3e33586b374197e,eastern_rural,0,False,False
RWA-e3e4d753861bd5f0,eastern_rural,0,False,False
RWA-e41d2bf941a0fba8,eastern_rural,0,False,False
RWA-e48a38bb1f602630,eastern_rural,2,False,False
RWA-e4a28b381fb40b18,eastern_rural,0,False,False
RWA-e4c7f87fb45a8107,eastern_rural,0,False,False
RWA-e4f385058fb8cce5,eastern_rural,0,False,False
RWA-e51d187b4ea54d65,eastern_rural,1,False,False
RWA-e580d1cfa9145170,eastern_rural,2,False,False
RWA-e5a07f5b1dd83942,eastern_rural,0,False,False
RWA-e5dae8c5d9b36d90,eastern_rural,1,False,True
RWA-e5ea124236f35114,eastern_rural,2,False,False
RWA-e5f020a2de1e03a2,eastern_rural,0,False,False
RWA-e689c655e6ef79bc,eastern_rural,1,False,False
RWA-e68a06c150389476,eastern_rural,1,False,False
RWA-e6924ccf2cf00fc8,eastern_rural,0,False,False
RWA-e7015358162c0e0f,eastern_rural,0,False,False
RWA-e7476e685d68ab33,eastern_rural,2,False,False
RWA-e7487231f78215b3,eastern_rural,1,False,False
RWA-e75ff8a09d81dd5c,eastern_rural,1,False,False
RWA-e7873f8ac8d82b1f,eastern_rural,0,False,False
RWA-e7dddb42921f10e9,eastern_rural,1,False,True
RWA-e7eb832f09afd48d,eastern_rural,0,False,False
RWA-e7f7f1d484828525,eastern_rural,2,False,False
RWA-e7fc8f1b990261f2,eastern_rural,1,False,False
RWA-e80b03b1c0d1111c,eastern_rural,2,False,False
RWA-e81dc9b5be2ae078,eastern_rural,1,False,False
RWA-e8581489d8d7a02b,eastern_rural,1,False,True
RWA-e85d95d6d03570e6,eastern_rural,0,False,False
RWA-e8691b27a2d4e3fe,eastern_rural,2,False,False
RWA-e87e814a599229c0,eastern_rural,1,False,False
RWA-e881f99935250c33,eastern_rural,1,False,False
RWA-e8a0488aca040069,eastern_rural,2,False,False
RWA-e8aa850eb3f637e9,eastern_rural,1,False,False
RWA-e8e57e9ab35a9d44,eastern_rural,1,False,False
RWA-e904293bfd2d3944,eastern_rural,0,False,False
RWA-e912aafb67abec9f,eastern_rural,0,False,False
RWA-e929a74a13d6a500,eastern_rural,1,False,False
RWA-e97fa46aa6901f16,eastern_rural,2,False,False
RWA-e98586db9e999edf,eastern_rural,1,False,False
RWA-e9e38ce2abe529e5,eastern_rural,2,False,False
RWA-e9ecebf5ff8c5ecb,eastern_rural,2,False,False
RWA-ea515289fa9decbf,eastern_rural,2,False,True
RWA-eb216d730aa4e84a,eastern_rural,1,False,False
RWA-eb21c93ec04fc8b4,eastern_rural,0,False,True
RWA-eb29df3f1958bc42,eastern_rural,1,False,False
RWA-eb456656c717159c,eastern_rural,2,False,False
RWA-eb4d511d88b52c7a,eastern_rural,2,False,False
RWA-ebe4d7d876ebb08d,eastern_rural,0,False,False
RWA-ec06d4cb841cfdae,eastern_rural,1,False,True
RWA-ec0a1a94b57a1059,eastern_rural,2,False,False
RWA-ec0f87b213b662c4,eastern_rural,0,False,False
RWA-ec21ab712e6853ae,eastern_rural,2,False,False
RWA-ec2705b5fd2c3bb7,eastern_rural,1,False,False
RWA-ec817b6d58741f0b,eastern_rural,2,False,False
RWA-ec94f46f0e7ae907,eastern_rural,0,False,False
RWA-ecef578b1668e73e,eastern_rural,2,False,False
RWA-ecf359b6f1f335fc,eastern_rural,2,False,False
RWA-ed187531d990476e,eastern_rural,1,False,False
RWA-ed3dcedcaa90e08d,eastern_rural,2,False,False
RWA-ed607cea8caf66a4,eastern_rural,1,False,False
RWA-edad24c665de948c,eastern_rural,2,False,False
RWA-edc67b784fa583be,eastern_rural,1,False,False
RWA-edffc2ca76499c56,eastern_rural,1,False,False
RWA-ee0537adcfa4b687,eastern_rural,0,False,False
RWA-ee1c2cc925f09b4c,eastern_rural,2,False,False
RWA-ee6f8465384bf45b,eastern_rural,1,False,False
RWA-eec2eba363eebbde,eastern_rural,0,False,False
RWA-eefc8601bfc75aff,eastern_rural,2,False,False
RWA-ef1fc7b486650dfe,eastern_rural,2,False,False
RWA-ef44386d00ccc2e1,eastern_rural,0,False,False
RWA-ef4a3e29d5a427c1,eastern_rural,2,False,False
RWA-ef800b5e84387d22,eastern_rural,0,False,False
RWA-ef8fe97cee504aa4,eastern_rural,1,False,False
RWA-efbcc76c06dd42ad,eastern_rural,0,False,False
RWA-efd01951d702582a,eastern_rural,2,False,False
RWA-f09320b56061ee9f,eastern_rural,1,False,False
RWA-f12385b1aebfdfe1,eastern_rural,0,False,False
RWA-f124595323a1274b,eastern_rural,2,False,False
RWA-f1760ea67f247534,eastern_rural,2,False,False
RWA-f192ca26899ef54a,eastern_rural,2,False,False
RWA-f1a4562c2ee8ca12,eastern_rural,1,False,False
RWA-f1b9d19164c2449f,eastern_rural,1,False,False
RWA-f1c4b856930e980d,eastern_rural,0,False,False
RWA-f1de2d1b3cab1d2f,eastern_rural,2,False,False
RWA-f1e6123c47592aa6,eastern_rural,1,False,False
RWA-f20064671971bb06,eastern_rural,0,False,False
RWA-f242b15a41046d65,eastern_rural,2,False,False
RWA-f253f242bc125c35,eastern_rural,2,False,False
RWA-f270d8207ec6ac19,eastern_rural,2,False,False
RWA-f2b8eeeb883b49fc,eastern_rural,0,False,False
RWA-f2e42076aa8c5049,eastern_rural,1,False,False
RWA-f352780a505b69ec,eastern_rural,0,False,False
RWA-f35a3a4743491140,eastern_rural,1,False,False
RWA-f360f83e8ed5eeb7,eastern_rural,0,False,False
RWA-f37f6c9d8308bcf2,eastern_rural,1,False,False
RWA-f384d4af07226de7,eastern_rural,0,False,False
RWA-f395d5ff3fa31a1a,eastern_rural,0,False,False
RWA-f3aa517f36196bfd,eastern_rural,2,False,False
RWA-f3cbe599c687e9f0,eastern_rural,0,False,False
RWA-f3ce8984d9cbbb14,eastern_rural,0,False,False
RWA-f3e73094daaf48e0,eastern_rural,1,False,False
RWA-f44a5583962cb060,eastern_rural,0,False,False
RWA-f45b1dc3248cce6c,eastern_rural,2,False,False
RWA-f473f43915423bc9,eastern_rural,2,False,False
RWA-f4a868935d4f48ba,eastern_rural,1,False,False
RWA-f4ab068302b8cce0,eastern_rural,2,False,False
RWA-f4ce34d43de512d0,eastern_rural,0,False,False
RWA-f4f1d4100f94b606,eastern_rural,0,False,False
RWA-f534e400fb60ea95,eastern_rural,2,False,False
RWA-f5579476f25266f9,eastern_rural,2,False,False
RWA-f5779c0c7dc06d18,eastern_rural,0,False,False
RWA-f597eb9f6976e591,eastern_rural,2,False,False
RWA-f5a58cec36830605,eastern_rural,2,False,False
RWA-f5c67d1fcdc88010,eastern_rural,1,False,False
RWA-f5e09c3e25e9b0cf,eastern_rural,1,False,False
RWA-f62db01a7743a683,eastern_rural,1,False,False
RWA-f68651a7f7df8aee,eastern_rural,2,False,False
RWA-f69bda0035ecf253,eastern_rural,1,False,False
RWA-f6f284d60009684f,eastern_rural,0,False,False
RWA-f702f4ba826dbf12,eastern_rural,0,False,False
RWA-f743f056880aeaee,eastern_rural,0,False,False
RWA-f751e047fdeea1b2,eastern_rural,1,False,False
RWA-f76a88f8862ad8a5,eastern_rural,0,False,False
RWA-f7b0f4eeaccb4cff,eastern_rural,1,False,False
RWA-f7bb98df68292e22,eastern_rural,0,False,False
RWA-f7be86ecf102993d,eastern_rural,0,False,True
RWA-f7d275e44f6422ab,eastern_rural,0,False,False
RWA-f8d14aef87859bc0,eastern_rural,2,False,False
RWA-f8dedece9d39cca2,eastern_rural,1,False,False
RWA-f8e5db5a88b204a3,eastern_rural,1,False,False
RWA-f8ecb6a0ea9abed8,eastern_rural,2,False,False
RWA-f904dd09c705c833,eastern_rural,2,False,False
RWA-f908893f93bc1486,eastern_rural,0,False,False
RWA-f91771cf7e226610,eastern_rural,0,False,False
RWA-f91e172222a7268d,eastern_rural,2,False,False
RWA-f943c58efd6c9a72,eastern_rural,0,False,False
RWA-f960dda53bb64932,eastern_rural,0,False,False
RWA-f974d076811ac676,eastern_rural,2,False,False
RWA-f9b8b6921cf86973,eastern_rural,0,False,False
RWA-f9c515c648fa7181,eastern_rural,1,False,False
RWA-fa1c1aa7c04e7d35,eastern_rural,0,False,False
RWA-fa497b1e2959261d,eastern_rural,0,False,False
RWA-faa158d2c28a8095,eastern_rural,1,False,False
RWA-fb2bbe1b27721ff9,eastern_rural,2,False,False
RWA-fb4a1ef21846f578,eastern_rural,2,False,False
RWA-fb82e98c16c4d03d,eastern_rural,1,False,True
RWA-fb85d5542d0671a4,eastern_rural,1,False,False
RWA-fc08db664ecfe61c,eastern_rural,2,False,False
RWA-fc240cf5af3eb497,eastern_rural,0,False,False
RWA-fc24a7f68543c08f,eastern_rural,1,False,False
RWA-fc52b1a5efb27af8,eastern_rural,2,False,False
RWA-fc812457daffe7ae,eastern_rural,2,False,False
RWA-fc9ec16c3a27ecc0,eastern_rural,2,False,False
RWA-fca79c4cb7d39614,eastern_rural,0,False,False
RWA-fca9a21494bbb617,eastern_rural,1,False,False
RWA-fcab0e76834a06c7,eastern_rural,2,False,False
RWA-fcc488d11683f990,eastern_rural,2,False,False
RWA-fd3ed8a7e8b7c201,eastern_rural,2,False,False
RWA-fd7b789195e87c53,eastern_rural,2,False,False
RWA-fdcdd75258759371,eastern_rural,0,False,False
RWA-fdcf3788ed2bf6a5,eastern_rural,0,False,False
RWA-fe05e39e7fd852dc,eastern_rural,1,False,False
RWA-fe2b03e17a1e67f3,eastern_rural,1,False,False
RWA-fe732754b2f46a69,eastern_rural,1,False,True
RWA-fedc7c93920eabd9,eastern_rural,2,False,False
RWA-ff19726b429bd0cb,eastern_rural,0,False,False
RWA-ff4c60d228fbd9e4,eastern_rural,1,False,False
RWA-ff779927dd641841,eastern_rural,1,False,False
RWA-ff7b19e545727480,eastern_rural,1,False,False
RWA-ff87706204cfa4aa,eastern_rural,2,False,False
RWA-ffbda16b482bfcd1,eastern_rural,1,False,False
RWA-ffcd470e4fa70768,eastern_rural,2,False,False
RWA-ffd07ed53a9d70a8,eastern_rural,2,False,False
RWA-ffdc8cb57efbfbc3,eastern_rural,2,False,False
RWA-0010c1873cde4c5c,kigali_urban,0,True,False
RWA-0074f3869c85059a,kigali_urban,1,False,False
RWA-0095a92e74374d15,kigali_urban,1,False,False
RWA-009a5282c38201d4,kigali_urban,0,False,False
RWA-009b8b44cf50b34b,kigali_urban,2,True,False
RWA-00edcc78af6cbbbc,kigali_urban,2,False,False
RWA-012365b8f7920017,kigali_urban,1,False,False
RWA-015b2d67871c9e42,kigali_urban,1,False,False
RWA-01605ad598d279b8,kigali_urban,2,False,False
RWA-01906560a0d986ee,kigali_urban,1,True,False
RWA-01a282ae1f4e0ffd,kigali_urban,2,True,False
RWA-0258890cc5eb9fff,kigali_urban,1,False,False
RWA-02619175f95c7b0c,kigali_urban,2,False,False
RWA-0269157aa4caee18,kigali_urban,2,True,False
RWA-0277665748e08f61,kigali_urban,0,False,False
RWA-0288b6b5b48dba4d,kigali_urban,1,False,False
RWA-02be6c6bbab51e7b,kigali_urban,0,True,False
RWA-02d2241cb91510a9,kigali_urban,0,False,False
RWA-02e87178658d1db7,kigali_urban,1,False,False
RWA-031a21c0b8f43f20,kigali_urban,2,True,False
RWA-03351fa6ec588d95,kigali_urban,2,False,False
RWA-03a96f94e0b4e676,kigali_urban,1,False,False
RWA-03b521aff927c6c9,kigali_urban,2,False,False
RWA-03bf42164127d717,kigali_urban,2,False,False
RWA-0406fa2511dc7ac4,kigali_urban,2,True,False
RWA-04bd04eceb30be93,kigali_urban,1,False,False
RWA-04bd8e64cb259fef,kigali_urban,1,False,False
RWA-04f67db104c5317b,kigali_urban,2,False,True
RWA-050e45fe92de545e,kigali_urban,0,False,False
RWA-0548e814d6a0a6bf,kigali_urban,1,False,False
RWA-0553669242273ec1,kigali_urban,1,False,False
RWA-0569c1400c160cbf,kigali_urban,0,False,False
RWA-058fd560ec4d9c47,kigali_urban,2,False,False
RWA-05d189faa151af8d,kigali_urban,1,False,False
RWA-05dc0a6da856af26,kigali_urban,0,False,False
RWA-0613af19ea0cabaf,kigali_urban,1,False,False
RWA-06ba22827c432c49,kigali_urban,1,False,False
RWA-06dfc2b6992fbd59,kigali_urban,2,False,False
RWA-0782414a6c08ee25,kigali_urban,1,False,False
RWA-07a0669c04f3dfdd,kigali_urban,2,False,False
RWA-080ef1ea9b6d2507,kigali_urban,1,False,False
RWA-081de02ba71befdd,kigali_urban,0,False,False
RWA-083534cf4292614c,kigali_urban,2,True,True
RWA-084e27026584539f,kigali_urban,1,False,False
RWA-089069f90ed55f7d,kigali_urban,2,True,False
RWA-09cbfa2cd39d131e,kigali_urban,2,False,False
RWA-0a153d6c260d51fd,kigali_urban,1,False,False
RWA-0a32395b10ae81ed,kigali_urban,1,False,False
RWA-0a44e0646ac0c35a,kigali_urban,2,False,False
RWA-0a66276557b0ec29,kigali_urban,2,False,False
RWA-0a7f36461977b45e,kigali_urban,2,False,False
RWA-0aab18160f3b6075,kigali_urban,2,True,False
RWA-0ac21ed854471191,kigali_urban,1,False,False
RWA-0acf9a4497e4ca2b,kigali_urban,0,True,False
RWA-0b0dbfdba7962aaf,kigali_urban,2,False,False
RWA-0b38df488a4fb65b,kigali_urban,0,False,False
RWA-0b8b3527e6990334,kigali_urban,1,False,False
RWA-0b95b50dacd3ff49,kigali_urban,0,False,False
RWA-0c144bc9e1b27477,kigali_urban,0,False,False
RWA-0c1c7f281ff33017,kigali_urban,1,False,False
RWA-0c637dfb08e5b864,kigali_urban,1,False,False
RWA-0cfd1f44d6d6964e,kigali_urban,0,True,False
RWA-0d3908308a897e7c,kigali_urban,2,False,False
RWA-0d39cc0562c34549,kigali_urban,0,False,True
RWA-0d4b3c0a4c1da05f,kigali_urban,2,True,False
RWA-0d91e89818c007b1,kigali_urban,0,True,False
RWA-0d9d547402901605,kigali_urban,2,True,False
RWA-0dc2dc86b7f743e6,kigali_urban,0,False,False
RWA-0e1d9eed136996fb,kigali_urban,0,False,False
RWA-0e1eba45f889439c,kigali_urban,2,False,False
RWA-0e44adf7adde8d23,kigali_urban,2,False,False
RWA-0e9aaecee79c196d,kigali_urban,2,False,False
RWA-0ef112bbebdc669f,kigali_urban,1,False,False
RWA-0f0e76ea5a7767a7,kigali_urban,0,False,False
RWA-0f763c784f44b771,kigali_urban,0,False,False
RWA-0f79afa0cf34dea5,kigali_urban,2,False,False
RWA-0fc4e5248a370bd9,kigali_urban,1,False,False
RWA-101878b77d349e5a,kigali_urban,0,False,False
RWA-10237e35335e52f1,kigali_urban,1,True,False
RWA-108110874b409b1f,kigali_urban,1,False,False
RWA-10e5be60ff970fc5,kigali_urban,2,False,False
RWA-1136942405a5ca92,kigali_urban,0,True,False
RWA-11631ddf81952426,kigali_urban,1,False,False
RWA-117f218c15156c18,kigali_urban,2,False,False
RWA-1200a9fc03672f3a,kigali_urban,1,False,False
RWA-12174a46ff5fe388,kigali_urban,1,False,False
RWA-122ffca547a04e3c,kigali_urban,0,False,False
RWA-12581356608ef55d,kigali_urban,2,False,False
RWA-1261e008377abf64,kigali_urban,0,False,False
RWA-1277c738a7595699,kigali_urban,2,True,False
RWA-12ef8e16a5e61eef,kigali_urban,0,True,True
RWA-130019bb97043ce3,kigali_urban,2,False,True
RWA-133e5ab9fe6c6ec6,kigali_urban,2,False,False
RWA-135c0e93ce9244e6,kigali_urban,0,False,False
RWA-136e47792bb63728,kigali_urban,0,False,False
RWA-1370d173a4ae099b,kigali_urban,0,False,False
RWA-13c0991231bc6dd1,kigali_urban,1,False,False
RWA-13d9c791a039dc50,kigali_urban,2,False,False
RWA-13ff80c2c5a525db,kigali_urban,1,False,False
RWA-1413992776718a06,kigali_urban,2,False,False
RWA-14330c1215c32f53,kigali_urban,1,False,False
RWA-143550f36aacda9f,kigali_urban,1,False,False
RWA-146adb150fb96484,kigali_urban,0,False,False
RWA-153a3ba69efeb390,kigali_urban,0,False,False
RWA-15532988bbecd299,kigali_urban,2,False,False
RWA-159acc3194535484,kigali_urban,2,False,False
RWA-159cf5feb3e759bd,kigali_urban,2,True,False
RWA-15b01ea80a622c6b,kigali_urban,0,False,False
RWA-161e1a58088ab792,kigali_urban,0,False,False
RWA-1626dad5fe2e0b41,kigali_urban,0,False,False
RWA-166f1f42ef64d92c,kigali_urban,0,True,False
RWA-16aa6a811640c9a2,kigali_urban,1,False,False
RWA-17320d51784b1a20,kigali_urban,1,False,False
RWA-1740b1c29fdb332f,kigali_urban,2,True,False
RWA-17712f7259c2acfe,kigali_urban,0,False,False
RWA-17cc8b91ca5b2cd1,kigali_urban,0,False,False
RWA-17f759eb29322970,kigali_urban,1,True,False
RWA-1811704cb30c330c,kigali_urban,1,False,False
RWA-182e83b6e7e8076c,kigali_urban,0,False,False
RWA-185a85ec2967db60,kigali_urban,2,False,False
RWA-185dcfb05f6ebbd2,kigali_urban,1,True,False
RWA-185ea3eab90beefa,kigali_urban,1,False,False
RWA-19f2871d24989955,kigali_urban,2,False,False
RWA-19fb8e6636bc298d,kigali_urban,0,False,False
RWA-1a04862c9a0d7988,kigali_urban,1,True,True
RWA-1a13fe5df344ae46,kigali_urban,2,False,False
RWA-1a29d1c1eca17289,kigali_urban,2,False,False
RWA-1a2b894c35166355,kigali_urban,2,False,False
RWA-1a66bbb820a942a2,kigali_urban,1,True,False
RWA-1a72d287722daab6,kigali_urban,2,False,False
RWA-1aa804fe39b888d3,kigali_urban,0,False,False
RWA-1ada54b698b6082a,kigali_urban,1,True,False
RWA-1b2db20143068de1,kigali_urban,0,False,False
RWA-1b3a5b35653c6999,kigali_urban,0,False,False
RWA-1b65b009e6e57f41,kigali_urban,0,True,False
RWA-1b9bf8fbebfe6c66,kigali_urban,0,False,False
RWA-1ba4987d7a85450a,kigali_urban,0,False,False
RWA-1c2096646b6c4717,kigali_urban,0,False,False
RWA-1c4550b1a7787696,kigali_urban,0,False,False
RWA-1c56fc76f8939892,kigali_urban,2,False,False
RWA-1c77605eb542200c,kigali_urban,2,False,False
RWA-1c7831822bea1d9e,kigali_urban,0,False,False
RWA-1ca6b6f7852638ca,kigali_urban,1,False,False
RWA-1caf68b6c9a47201,kigali_urban,1,True,False
RWA-1d04d6e287faaed4,kigali_urban,1,False,False
RWA-1e0659b6b9c85fe3,kigali_urban,1,False,True
RWA-1e46f3fa63b886d0,kigali_urban,1,True,False
RWA-1e5d0f8f1d354542,kigali_urban,1,False,False
RWA-1e6ede8c965c686c,kigali_urban,1,True,False
RWA-1ee2435a38b78f76,kigali_urban,0,False,False
RWA-1f124b4dec813440,kigali_urban,2,False,False
RWA-1f6a2388b6f68e0b,kigali_urban,2,False,True
RWA-1fc3a1d6bc966a96,kigali_urban,2,True,False
RWA-1fc57ca8558e30f3,kigali_urban,0,False,False
RWA-1fca2c58a10d20e2,kigali_urban,0,False,False
RWA-1ff293088474dae3,kigali_urban,2,False,False
RWA-200b87dc7da7bb01,kigali_urban,1,False,False
RWA-20874e652ef4732c,kigali_urban,2,True,False
RWA-20e58c8f954045c7,kigali_urban,2,False,True
RWA-20f446113d770da2,kigali_urban,1,True,False
RWA-21278b3bb0a9b8a4,kigali_urban,2,False,False
RWA-215e53e91e60f25c,kigali_urban,1,False,False
RWA-2194b9288ca393ed,kigali_urban,2,False,False
RWA-21ca1b8bd17a075c,kigali_urban,0,False,False
RWA-21e24a536f97a9a1,kigali_urban,1,False,False
RWA-2298bc6bbae32b2b,kigali_urban,0,False,False
RWA-22ad44bea0d5d6f7,kigali_urban,1,False,False
RWA-22c8dc16cffa80c4,kigali_urban,0,False,False
RWA-22f6ecadd399920a,kigali_urban,0,False,False
RWA-231a8a5b1566ef60,kigali_urban,1,False,False
RWA-23441d2b928efc12,kigali_urban,1,False,False
RWA-2351453a4ca801a5,kigali_urban,0,True,False
RWA-239cec2515885cce,kigali_urban,1,False,False
RWA-23c7c3ed5a8daa60,kigali_urban,2,False,True
RWA-23d9e267756871ba,kigali_urban,1,False,False
RWA-23e9e8db17a40c43,kigali_urban,1,False,False
RWA-23f37b7035e749d2,kigali_urban,2,True,False
RWA-242564676b0fbd09,kigali_urban,2,False,False
RWA-243b493bebda8d9b,kigali_urban,0,False,False
RWA-24824f36dfdfbd36,kigali_urban,1,False,False
RWA-249828ebddb6f313,kigali_urban,2,False,False
RWA-24a7bb552a8e2af9,kigali_urban,2,False,False
RWA-24ce81e17255a7b4,kigali_urban,1,False,False
RWA-24df5ee8ceea5433,kigali_urban,0,False,False
RWA-24f530e010e92953,kigali_urban,0,True,True
RWA-2534803821560b83,kigali_urban,0,False,False
RWA-25a5f7ddb68849ca,kigali_urban,1,True,False
RWA-25b1629fd00c4f50,kigali_urban,1,True,True
RWA-25d2a660fde53d75,kigali_urban,2,True,False
RWA-25e56abc3835a55e,kigali_urban,1,False,False
RWA-261349b7170e5620,kigali_urban,0,False,False
RWA-26462d9a6acd0b41,kigali_urban,1,False,False
RWA-2652dc77a8e431ea,kigali_urban,2,False,False
RWA-269896af99a4f1ed,kigali_urban,0,False,False
RWA-269e888c768c80d6,kigali_urban,1,False,False
RWA-26c9fb292c39d306,kigali_urban,2,False,False
RWA-28105ad5a6085b21,kigali_urban,1,False,False
RWA-28394247ca253610,kigali_urban,0,False,False
RWA-283f178e3ac37f3f,kigali_urban,2,False,False
RWA-284f2f22531d26d7,kigali_urban,1,False,False
RWA-285172aee3d2cde8,kigali_urban,1,False,False
RWA-2853cc47c2eaf7ea,kigali_urban,0,False,True
RWA-289336aa49d652ee,kigali_urban,0,False,False
RWA-2899f69219401063,kigali_urban,1,False,False
RWA-28b2d38f7506858b,kigali_urban,2,False,False
RWA-28ccc6de76e7a49e,kigali_urban,1,False,False
RWA-28e22f5611696718,kigali_urban,1,True,False
RWA-29364f6a8355d766,kigali_urban,2,False,False
RWA-2953fa3036efb21a,kigali_urban,0,False,False
RWA-296f03bfcaf12130,kigali_urban,2,False,False
RWA-29995a190065eb24,kigali_urban,1,False,False
RWA-29a3132d7fbdb7b3,kigali_urban,2,False,True
RWA-29b7400c2b93db55,kigali_urban,1,False,False
RWA-2a26bdf0e8f1af1e,kigali_urban,2,False,False
RWA-2a49c0fa0a7cc849,kigali_urban,2,False,False
RWA-2a59a78f5248fcb7,kigali_urban,2,True,False
RWA-2b053f4648162b64,kigali_urban,2,False,True
RWA-2b3562713b19534c,kigali_urban,1,False,False
RWA-2b56aa0d0af066cf,kigali_urban,2,False,False
RWA-2b56cd3ba3656186,kigali_urban,1,False,False
RWA-2b853d914fe73394,kigali_urban,1,False,False
RWA-2bad67c384c65f26,kigali_urban,1,False,False
RWA-2bcd9c502e9d5758,kigali_urban,0,True,False
RWA-2be5c58256272a1c,kigali_urban,0,False,False
RWA-2c16c443dee9711e,kigali_urban,0,False,True
RWA-2c20074496e01b53,kigali_urban,0,False,False
RWA-2c2f6698c7bee794,kigali_urban,2,False,False
RWA-2c7860dc66837099,kigali_urban,1,False,False
RWA-2c7c18bcc7cba72f,kigali_urban,0,False,False
RWA-2c82270710fb5161,kigali_urban,2,False,False
RWA-2c93c0d3b6bf3652,kigali_urban,2,False,False
RWA-2cea098c58a4dd7e,kigali_urban,0,False,False
RWA-2d404e86c725ddd3,kigali_urban,0,False,False
RWA-2d419183141d45db,kigali_urban,1,False,False
RWA-2d83a1db9b2514e6,kigali_urban,1,True,False
RWA-2d873d03787e6304,kigali_urban,1,False,True
RWA-2d9ac7ffa3745bde,kigali_urban,1,False,False
RWA-2df5e7a64e671d0f,kigali_urban,1,False,False
RWA-2e2160d7b0cf000d,kigali_urban,2,True,False
RWA-2e34bd076b2bbffa,kigali_urban,2,False,False
RWA-2e82994db03e1c1a,kigali_urban,1,False,False
RWA-2f3764eebbd42ab2,kigali_urban,1,False,False
RWA-2f83eaa6de651213,kigali_urban,2,False,False
RWA-2fa4d6c6f67c56f2,kigali_urban,1,True,False
RWA-2fd3550e48536bff,kigali_urban,2,False,False
RWA-30427d43054bf423,kigali_urban,0,True,True
RWA-30618d7b35902a98,kigali_urban,1,True,False
RWA-306b0ecd8c2eb467,kigali_urban,2,False,False
RWA-3079708fb439ac2f,kigali_urban,2,True,False
RWA-30e776ef83b49400,kigali_urban,0,True,False
RWA-3105b036fe2d4eb1,kigali_urban,2,False,False
RWA-31070b391fcc36dd,kigali_urban,2,False,True
RWA-3111946383c95c71,kigali_urban,2,False,False
RWA-3118c7465ee43b66,kigali_urban,0,False,False
RWA-311b8a492ef6a898,kigali_urban,1,True,False
RWA-3122d3749e127344,kigali_urban,0,False,False
RWA-3126634a301513bc,kigali_urban,2,True,False
RWA-31545089f72d73a0,kigali_urban,0,False,False
RWA-318297927ddce38c,kigali_urban,2,False,False
RWA-31953afc0cc788b2,kigali_urban,0,False,False
RWA-31d4e4aee14052e1,kigali_urban,0,False,False
RWA-31fc8ac455fa7d4c,kigali_urban,2,True,False
RWA-32157655825fe9ca,kigali_urban,2,False,False
RWA-324ef97ac23280bf,kigali_urban,1,False,False
RWA-3250145a87fb84dc,kigali_urban,1,False,False
RWA-3286ba6a2d73bc3e,kigali_urban,0,False,False
RWA-32a1ff8021d71cfa,kigali_urban,1,False,False
RWA-32c2e566d2967500,kigali_urban,2,False,False
RWA-32e11cce58b247ce,kigali_urban,0,False,False
RWA-32e3427c2f088f32,kigali_urban,0,False,False
RWA-33007e9206f542dd,kigali_urban,0,False,False
RWA-333f246cfdd486a5,kigali_urban,1,False,False
RWA-3372c5d7896c8d5f,kigali_urban,2,False,False
RWA-3377920d0fa8297d,kigali_urban,2,True,False
RWA-339728e255afbc6e,kigali_urban,0,False,False
RWA-339c5110899d3610,kigali_urban,2,False,False
RWA-33a3fd7f3c11aa5f,kigali_urban,1,False,False
RWA-33c3a9de0737f3fd,kigali_urban,2,False,False
RWA-33d1116b6a21ca1c,kigali_urban,2,True,False
RWA-33dd2db6f80eedb9,kigali_urban,2,False,False
RWA-34a0614953938e95,kigali_urban,1,True,False
RWA-34ef401d7ac0f67d,kigali_urban,0,False,True
RWA-352ee9048fa7f0c6,kigali_urban,2,False,False
RWA-35692e82c826b44b,kigali_urban,1,False,False
RWA-357c85e08e1e49e1,kigali_urban,1,False,False
RWA-3585d0800c8ef6a0,kigali_urban,0,False,False
RWA-359822f9c0adcf55,kigali_urban,0,False,False
RWA-35bac3a0b9f7ab4b,kigali_urban,0,False,False
RWA-35ceb9d4b1964bfd,kigali_urban,2,False,False
RWA-3600f721532ed445,kigali_urban,2,False,False
RWA-3615698cd716900c,kigali_urban,0,False,False
RWA-36bf7f76c2285ec5,kigali_urban,1,False,True
RWA-36ccc09e146fb72d,kigali_urban,1,False,False
RWA-36f88a2bbb8f7bbe,kigali_urban,1,False,False
RWA-36fb09171a70ba85,kigali_urban,1,True,False
RWA-36fd1b0955b557a2,kigali_urban,1,False,False
RWA-371f9d9cdb3570ab,kigali_urban,1,False,False
RWA-37230cc1524faa9d,kigali_urban,0,False,False
RWA-37669b8f80d00ed5,kigali_urban,1,False,False
RWA-3796f91abee5676c,kigali_urban,1,False,False
RWA-37b5e5512c414725,kigali_urban,2,False,False
RWA-37bf674a663e2b45,kigali_urban,0,False,False
RWA-3829bb304123c7e7,kigali_urban,2,False,False
RWA-387dc2e31c3d8f4f,kigali_urban,0,True,False
RWA-38c652b3c8bd1c32,kigali_urban,2,False,False
RWA-38ffd11b53cdcab8,kigali_urban,0,True,False
RWA-39298a59748d5c65,kigali_urban,2,True,False
RWA-3938f743514ba4f1,kigali_urban,0,False,False
RWA-3973a158cacad5b8,kigali_urban,2,True,False
RWA-39ca4e1959c16753,kigali_urban,2,True,True
RWA-3a18218c3841ba34,kigali_urban,1,False,False
RWA-3ac1ed679e85ce73,kigali_urban,1,False,True
RWA-3adc888bd50d7216,kigali_urban,1,False,False
RWA-3af965f42676a2fe,kigali_urban,0,False,False
RWA-3b0e6e36adf61487,kigali_urban,0,False,False
RWA-3b20639a0b5d3ad8,kigali_urban,0,True,False
RWA-3b930ad799502756,kigali_urban,2,False,False
RWA-3be51a450f0adc43,kigali_urban,0,False,False
RWA-3c168b41f399992d,kigali_urban,2,False,False
RWA-3c6ec9bcba7f27de,kigali_urban,1,False,False
RWA-3cd3ef615df09e04,kigali_urban,2,False,False
RWA-3d2f1a01edef729c,kigali_urban,2,False,False
RWA-3d72b7581d897a17,kigali_urban,2,False,False
RWA-3d7f4c904382f38b,kigali_urban,0,False,False
RWA-3d97fefaefda02e9,kigali_urban,1,False,False
RWA-3e07ffcf66066fec,kigali_urban,1,False,False
RWA-3e0b34ac90137875,kigali_urban,2,False,False
RWA-3e2cfa69ffb5a4e6,kigali_urban,2,False,True
RWA-3e38f9512db18420,kigali_urban,0,False,False
RWA-3e45928f52b2d242,kigali_urban,1,False,False
RWA-3e7051398ec6fb57,kigali_urban,2,False,False
RWA-3ea3b9b8be8f482a,kigali_urban,1,False,False
RWA-3f0386308bd995d6,kigali_urban,0,False,False
RWA-3f04e3ab44f31af4,kigali_urban,2,False,False
RWA-3f15566147805323,kigali_urban,0,True,False
RWA-3f2b99e347eb3569,kigali_urban,1,False,False
RWA-3f324b7fc4af7884,kigali_urban,2,True,False
RWA-3f32f841fce8152d,kigali_urban,2,False,True
RWA-3f38a2f1b9d59cc7,kigali_urban,0,False,False
RWA-3f919fb674e13976,kigali_urban,0,False,False
RWA-3f9a874ae7053362,kigali_urban,1,False,False
RWA-3fe5e0e089864db1,kigali_urban,2,True,False
RWA-3ffdd52fbfbfb293,kigali_urban,1,False,True
RWA-400a641dda9c8c20,kigali_urban,1,False,False
RWA-402cb36968d13436,kigali_urban,2,True,False
RWA-403b812744300e9f,kigali_urban,2,True,False
RWA-40446afe60441657,kigali_urban,0,False,False
RWA-406289817a1c5acb,kigali_urban,2,False,False
RWA-406cf4562a5e68b2,kigali_urban,2,False,False
RWA-40aca230c3a248d9,kigali_urban,1,False,False
RWA-40c11698f6da1f85,kigali_urban,2,True,False
RWA-40d3cf735b8335d6,kigali_urban,2,False,False
RWA-40dd36e6db4b6929,kigali_urban,1,False,False
RWA-410fd4157fedf599,kigali_urban,1,False,False
RWA-413a7a8c622ecf24,kigali_urban,0,False,False
RWA-414d8567c67f4174,kigali_urban,0,False,False
RWA-41a66b6c557d2b8b,kigali_urban,1,False,False
RWA-41c0ff4562198f1d,kigali_urban,2,False,False
RWA-4200787fbc891ff7,kigali_urban,2,False,False
RWA-42799010e8b1c2e4,kigali_urban,2,False,False
RWA-429ecfd1fe124833,kigali_urban,1,False,False
RWA-42af5a1b25479e2d,kigali_urban,1,False,False
RWA-42b6f7658ad80338,kigali_urban,1,False,False
RWA-42f1c0909e1e704a,kigali_urban,2,True,False
RWA-430e0d318e146349,kigali_urban,2,False,False
RWA-431eb3a5e58bcaca,kigali_urban,0,False,False
RWA-43648daa1d66e4f1,kigali_urban,1,False,False
RWA-43924079bba18c3c,kigali_urban,2,False,False
RWA-43aa26c2f3ce05cf,kigali_urban,0,True,False
RWA-43ad6b292a8dd69b,kigali_urban,0,True,False
RWA-43c9c51feeb58d93,kigali_urban,2,False,False
RWA-447775f5211db44b,kigali_urban,0,False,False
RWA-448c853313d48d33,kigali_urban,2,True,False
RWA-44a8b5c728f25621,kigali_urban,2,False,False
RWA-44b11ae90b93869b,kigali_urban,1,False,False
RWA-4557126f434ac076,kigali_urban,0,False,True
RWA-45622775d470119b,kigali_urban,0,False,False
RWA-457d945ecd1352a2,kigali_urban,1,False,False
RWA-45b83c926c7dd4c3,kigali_urban,2,False,False
RWA-45ff6a2d56a93631,kigali_urban,1,False,False
RWA-4631e412eea2c655,kigali_urban,1,False,False
RWA-46f3bf3f99f9db83,kigali_urban,2,False,False
RWA-473423804622a5d2,kigali_urban,2,False,False
RWA-47bdb46f1de0fb49,kigali_urban,1,False,False
RWA-48402f86ecac7109,kigali_urban,1,False,False
RWA-48a745fe3d5be8e0,kigali_urban,0,False,True
RWA-490d1342f4f8a6ea,kigali_urban,0,False,False
RWA-490dbedb1d37f3cf,kigali_urban,2,False,False
RWA-49309ac0f7b133c9,kigali_urban,0,False,False
RWA-4951d46420f98f48,kigali_urban,0,False,False
RWA-49590fb9614bcb7a,kigali_urban,1,False,False
RWA-49b65dc038203609,kigali_urban,2,False,False
RWA-4a141358848ad56d,kigali_urban,1,False,False
RWA-4a7de3a6375c92de,kigali_urban,0,False,False
RWA-4aff20e6a3d9b447,kigali_urban,1,False,False
RWA-4b06926a9143cc3b,kigali_urban,0,False,False
RWA-4b3f7b714bf094ec,kigali_urban,1,False,True
RWA-4b47d1dff8d42714,kigali_urban,2,False,False
RWA-4b4f63412a231fcc,kigali_urban,0,False,False
RWA-4b9176086f90daa2,kigali_urban,1,True,False
RWA-4bb872c500fe33fb,kigali_urban,0,True,False
RWA-4bfe4ff2f361e856,kigali_urban,0,False,False
RWA-4c079aa8dda8a52d,kigali_urban,1,True,False
RWA-4c6f391ff9d200d6,kigali_urban,0,False,False
RWA-4c96ac7a78c64fc7,kigali_urban,2,False,False
RWA-4ca75334dab22e00,kigali_urban,1,False,False
RWA-4cf40f41e83b7328,kigali_urban,2,True,False
RWA-4d4cfdd0a45ec15f,kigali_urban,0,True,False
RWA-4d62c4de9150e717,kigali_urban,1,False,False
RWA-4dc8309c53364900,kigali_urban,0,True,False
RWA-4dec22dd160939da,kigali_urban,0,False,False
RWA-4dfe9cee407c8d4b,kigali_urban,0,False,False
RWA-4e2b914d56526b03,kigali_urban,2,False,False
RWA-4e2e02690ce03f21,kigali_urban,1,False,False
RWA-4e47eb52019e0318,kigali_urban,0,True,False
RWA-4e4ccd71aa748817,kigali_urban,1,False,False
RWA-4e77c3ed7c06d039,kigali_urban,1,False,False
RWA-4e7fce062388b6cb,kigali_urban,1,False,False
RWA-4f4c3e3964101a6e,kigali_urban,1,False,False
RWA-4f88641686d8c258,kigali_urban,1,False,False
RWA-4fb8ad04aea8c43e,kigali_urban,2,False,False
RWA-4fbfe7967f2a9174,kigali_urban,2,True,False
RWA-4ff69acabae14832,kigali_urban,0,False,False
RWA-5000ef9c8508fb46,kigali_urban,2,False,False
RWA-5008ebaf1b7b92e5,kigali_urban,2,True,False
RWA-501616abf8457bcc,kigali_urban,1,False,False
RWA-503a1e38bdaf5718,kigali_urban,1,False,False
RWA-507ba0178cdd664e,kigali_urban,0,False,False
RWA-508bd2e06318ec53,kigali_urban,0,False,False
RWA-50c104fc19993a08,kigali_urban,2,False,False
RWA-50f41d62e5dd26f2,kigali_urban,0,False,False
RWA-51502c303e6c3019,kigali_urban,1,True,False
RWA-5191288d2c856265,kigali_urban,2,False,False
RWA-51ac269cf1ed3287,kigali_urban,0,False,False
RWA-51b140957fa6bd6a,kigali_urban,1,True,False
RWA-520f5422eb17f165,kigali_urban,1,False,False
RWA-5215d9088b941e43,kigali_urban,1,False,False
RWA-521fd1cd3fd226f8,kigali_urban,1,False,False
RWA-5241a53fc3c1806b,kigali_urban,0,False,False
RWA-526ada333121cace,kigali_urban,1,False,True
RWA-526ecfa4042fdb9f,kigali_urban,0,False,False
RWA-528ca20b5023998e,kigali_urban,0,True,False
RWA-52bf620a761b25da,kigali_urban,2,False,False
RWA-52d73cced72a8172,kigali_urban,1,False,False
RWA-5305449ba8f7f9a2,kigali_urban,1,False,False
RWA-531935576010c341,kigali_urban,2,False,False
RWA-53523b67e08d9e94,kigali_urban,0,False,False
RWA-539411de26ca8f4b,kigali_urban,0,False,False
RWA-5407db90d0485185,kigali_urban,0,False,False
RWA-54445fca1abfdae0,kigali_urban,2,False,False
RWA-549c4fb8c8b16cab,kigali_urban,1,False,False
RWA-549eecd38f6632bd,kigali_urban,1,True,False
RWA-550316ff2fb2f3fb,kigali_urban,1,False,False
RWA-5533af42881cb467,kigali_urban,2,False,False
RWA-555c11bdd58848e5,kigali_urban,1,True,False
RWA-5567a9184f7c4176,kigali_urban,2,False,False
RWA-557fa4b43fdecbc8,kigali_urban,2,False,False
RWA-55869f32899e316e,kigali_urban,0,False,False
RWA-55cde141784a8145,kigali_urban,0,True,False
RWA-55dff36ebcfb8b03,kigali_urban,0,False,False
RWA-55f646ab3b9566e7,kigali_urban,2,False,False
RWA-55ff6f401f027fd6,kigali_urban,1,False,False
RWA-564257a1d3abf6b2,kigali_urban,0,False,True
RWA-567913c8529a492f,kigali_urban,2,False,False
RWA-569b1929ba053810,kigali_urban,2,False,False
RWA-56c87642269d4d32,kigali_urban,2,False,False
RWA-56c95b1a3ea03d34,kigali_urban,2,False,False
RWA-56fefca007447a71,kigali_urban,0,False,False
RWA-5701ba1c7c12f5d8,kigali_urban,2,False,False
RWA-5708b5eeb1303525,kigali_urban,0,False,False
RWA-574960afb77d94c9,kigali_urban,2,False,False
RWA-5768ebf371304480,kigali_urban,1,False,False
RWA-577772ac1b6aee8c,kigali_urban,0,False,False
RWA-579d95a961b24a98,kigali_urban,1,True,False
RWA-57c836d2eac6a8f4,kigali_urban,2,False,False
RWA-57cda831d2f339bd,kigali_urban,2,False,False
RWA-57da16a6a919f8c5,kigali_urban,1,False,False
RWA-58434f8bcd834fd7,kigali_urban,1,False,False
RWA-586189061c41cf7f,kigali_urban,2,False,False
RWA-58798813dfbe598a,kigali_urban,2,False,False
RWA-5896b2faa59695f3,kigali_urban,1,True,False
RWA-58b7ed13dcec5406,kigali_urban,2,False,False
RWA-58c024465dbab1a3,kigali_urban,0,False,True
RWA-58c16be114fe883b,kigali_urban,1,False,False
RWA-58c3974da4458bdd,kigali_urban,2,False,False
RWA-58cdadfd4e760336,kigali_urban,1,False,False
RWA-58f8bb2751667d7e,kigali_urban,0,False,True
RWA-59760629beab8305,kigali_urban,2,True,False
RWA-599c3f731556bded,kigali_urban,0,False,False
RWA-59a285fbff63bb58,kigali_urban,1,False,False
RWA-59a7b5c1464d42de,kigali_urban,0,False,False
RWA-59ac8f65e43c51c0,kigali_urban,1,False,False
RWA-59e595acc07ca9f0,kigali_urban,1,False,False
RWA-59fe36e621d4d7bc,kigali_urban,2,False,False
RWA-5a5dcdf9ddd669b1,kigali_urban,1,True,False
RWA-5a7d0834969f3ae0,kigali_urban,0,False,False
RWA-5a8b59845390171c,kigali_urban,2,False,False
RWA-5aa61fcd9750c1cb,kigali_urban,0,False,False
RWA-5aa88fa29d2b516c,kigali_urban,0,False,False
RWA-5ad9e478acd52c2c,kigali_urban,2,False,False
RWA-5ae1bd04ff9f739e,kigali_urban,1,False,False
RWA-5af41bf0c6498b9c,kigali_urban,1,False,False
RWA-5b44704050152491,kigali_urban,1,True,False
RWA-5b4522393ef2ea76,kigali_urban,0,False,False
RWA-5b53509cbafc7199,kigali_urban,0,False,False
RWA-5b5eb16c16227123,kigali_urban,2,True,False
RWA-5b903a19d15780bd,kigali_urban,0,False,False
RWA-5bc8bc9b11623eba,kigali_urban,1,True,False
RWA-5bcce4c565365244,kigali_urban,0,True,True
RWA-5c20bb6e099952e6,kigali_urban,2,False,False
RWA-5c25c990332de565,kigali_urban,2,True,False
RWA-5c4bcaabb5b913be,kigali_urban,0,True,False
RWA-5d0dbe107a5300c0,kigali_urban,0,False,False
RWA-5d0edb3e033a1f4d,kigali_urban,0,False,False
RWA-5d956e1f89817b84,kigali_urban,2,True,False
RWA-5d95b31adf22460e,kigali_urban,0,False,False
RWA-5dbc1b9bbfdebce7,kigali_urban,2,False,False
RWA-5dc1cc9e3821be05,kigali_urban,0,False,False
RWA-5ded0b67d788985a,kigali_urban,1,False,False
RWA-5e157521dc6a6c46,kigali_urban,1,True,False
RWA-5e3011b477146e83,kigali_urban,0,False,False
RWA-5e581367237ae54f,kigali_urban,0,True,False
RWA-5e818bc45c14a41d,kigali_urban,2,False,False
RWA-5eaa99629bb6a565,kigali_urban,2,False,False
RWA-5ed28b5685237cc7,kigali_urban,0,True,False
RWA-5ef5f76dc3cadc14,kigali_urban,2,False,False
RWA-5f07ac42590a6748,kigali_urban,0,False,False
RWA-5f1fc96b68a74668,kigali_urban,2,False,True
RWA-5fc620f860d5f164,kigali_urban,0,False,False
RWA-5fd55b2ab3b70848,kigali_urban,1,False,False
RWA-6068f9d948729121,kigali_urban,1,False,False
RWA-60f1c0cc79ab2549,kigali_urban,0,False,True
RWA-613996849d7cc7c1,kigali_urban,0,False,False
RWA-615924ac0b497eef,kigali_urban,1,False,False
RWA-615e6ad67ca2167b,kigali_urban,1,False,False
RWA-6163ad935bdd65ac,kigali_urban,0,True,False
RWA-61b1aa1073f80993,kigali_urban,0,False,False
RWA-61ea98382a3759ba,kigali_urban,1,False,False
RWA-623fccf8759fde1d,kigali_urban,0,False,False
RWA-625db48d90f79e3b,kigali_urban,2,False,False
RWA-6261476e99012650,kigali_urban,0,False,False
RWA-6276bfab35c9d78d,kigali_urban,1,False,False
RWA-62a46b0b671afcaa,kigali_urban,0,False,False
RWA-62ad6a93ad38e703,kigali_urban,2,True,False
RWA-62f6ac54a31f9d54,kigali_urban,2,True,False
RWA-636625a61f2480c6,kigali_urban,2,False,False
RWA-637c12f18e7f9bc0,kigali_urban,0,True,True
RWA-63863ed8230f0ed5,kigali_urban,2,False,False
RWA-638dbbd9e5ac0d05,kigali_urban,2,False,False
RWA-641f1526e173f63e,kigali_urban,1,True,False
RWA-648fe56926faa233,kigali_urban,1,False,False
RWA-64f76d6ba93e0aab,kigali_urban,0,False,False
RWA-651574ce7ba15261,kigali_urban,1,False,False
RWA-65217e630b73b6b9,kigali_urban,2,False,True
RWA-6558d3f62d6cceac,kigali_urban,0,False,False
RWA-657479cc50ccccf0,kigali_urban,1,False,True
RWA-657873a6c645cd41,kigali_urban,2,False,True
RWA-6590ee5208eb6568,kigali_urban,2,True,False
RWA-65c56260cab7d763,kigali_urban,2,False,False
RWA-65e32a1012e1766f,kigali_urban,2,True,False
RWA-666497d12ca80a66,kigali_urban,1,False,False
RWA-67624f6544b46e20,kigali_urban,1,False,False
RWA-6764f32527dbb139,kigali_urban,0,False,False
RWA-678e1b8106068c14,kigali_urban,2,False,False
RWA-678f4dd79dec2a1b,kigali_urban,1,True,False
RWA-67902d13d34f8b69,kigali_urban,1,False,False
RWA-67cb2fe181337b20,kigali_urban,1,False,False
RWA-67f7c1d7152fbbe2,kigali_urban,2,False,False
RWA-68332ec04b578c9e,kigali_urban,2,True,False
RWA-68bbe8d9ac08ada0,kigali_urban,0,False,False
RWA-690b6bcd351cca5c,kigali_urban,0,False,False
RWA-6918e11e62e43c2c,kigali_urban,0,True,False
RWA-6936da3075a111f5,kigali_urban,2,False,False
RWA-69dc463710c08a04,kigali_urban,1,False,False
RWA-69e8007323fe51b1,kigali_urban,2,False,True
RWA-6a1cac561b53d7f2,kigali_urban,2,True,False
RWA-6a518c94537250cc,kigali_urban,1,False,False
RWA-6a5af4150c855e11,kigali_urban,2,True,False
RWA-6a5bd1419febfd01,kigali_urban,1,True,False
RWA-6a60d6ea0b1e50b6,kigali_urban,1,False,False
RWA-6a7e383255e9ca57,kigali_urban,2,False,False
RWA-6a7e58e4d0447430,kigali_urban,1,False,True
RWA-6acfa81b021c157f,kigali_urban,2,False,False
RWA-6b08bbb0bea91274,kigali_urban,0,False,False
RWA-6b5d75fa8c3cb7d8,kigali_urban,2,False,False
RWA-6bbe8421b369e37f,kigali_urban,1,False,False
RWA-6bc046d5c581657e,kigali_urban,1,True,False
RWA-6c14a858fec24ee5,kigali_urban,0,False,False
RWA-6c277fa98f134c50,kigali_urban,0,True,False
RWA-6c34d2a72e697efd,kigali_urban,1,False,False
RWA-6c45638501d08d81,kigali_urban,2,False,False
RWA-6c544917e9d6f32b,kigali_urban,0,False,False
RWA-6c98dc2608345cc9,kigali_urban,1,False,False
RWA-6cc828c57d411678,kigali_urban,0,False,False
RWA-6cdce4d37d5838fc,kigali_urban,2,False,False
RWA-6cfd196d9ae5df04,kigali_urban,2,False,False
RWA-6cfd9d9383f51a4b,kigali_urban,0,False,False
RWA-6d1c493b89215a38,kigali_urban,1,False,False
RWA-6d2607e571532870,kigali_urban,2,False,False
RWA-6d6ed6abf4369abd,kigali_urban,1,False,False
RWA-6d99ace01591e757,kigali_urban,2,False,False
RWA-6de51efd875c33ad,kigali_urban,0,False,False
RWA-6df0565a844b9acd,kigali_urban,2,True,False
RWA-6e2ed9b3aba150ee,kigali_urban,2,False,False
RWA-6e55b74c904726a2,kigali_urban,0,False,False
RWA-6e5c86d730599337,kigali_urban,2,False,False
RWA-6ea6f4a345af98d5,kigali_urban,2,True,False
RWA-6eae4fa1cb2f8000,kigali_urban,2,False,False
RWA-6eb50cdf086b2afe,kigali_urban,1,False,False
RWA-6eb92d64cca3f821,kigali_urban,1,False,False
RWA-6ec04012370ad93e,kigali_urban,0,False,False
RWA-6f1b39e7541db2ab,kigali_urban,2,True,False
RWA-6f7665158f8f8f49,kigali_urban,2,True,True
RWA-6f9fbfe9d61ec415,kigali_urban,2,True,False
RWA-6fb1aa2e5926ff01,kigali_urban,2,True,False
RWA-6fc18cc8f58b4f35,kigali_urban,2,True,False
RWA-701ec6881bdf6975,kigali_urban,2,False,False
RWA-702cce5f337b17ea,kigali_urban,2,False,False
RWA-708e64e31f6e944e,kigali_urban,2,False,False
RWA-70b913c5fe3da45e,kigali_urban,1,False,False
RWA-70b96581b57d201c,kigali_urban,1,True,True
RWA-70d9fae48f501b71,kigali_urban,0,False,True
RWA-70eafbeba8ea7486,kigali_urban,2,False,False
RWA-70eb10c1ce171efe,kigali_urban,1,False,True
RWA-716a03c6d88f16d2,kigali_urban,1,True,False
RWA-7181bd74e260312a,kigali_urban,2,True,False
RWA-71c88d8c7b0fa0c4,kigali_urban,1,False,False
RWA-72544cc16d799011,kigali_urban,2,False,False
RWA-7254fd2da35fc930,kigali_urban,0,False,False
RWA-72559a7f428095f2,kigali_urban,2,True,False
RWA-726f732080ec6bb3,kigali_urban,0,True,True
RWA-7280e415399dbd1c,kigali_urban,1,True,False
RWA-72a31692f99358da,kigali_urban,1,False,False
RWA-72dfc6ecc7a2053c,kigali_urban,2,False,False
RWA-72e39dfc8ea94714,kigali_urban,2,False,False
RWA-7320e0ac00090f7c,kigali_urban,0,False,True
RWA-733eb38260f7f6aa,kigali_urban,0,True,False
RWA-73550a73218642e7,kigali_urban,2,False,False
RWA-740059d568e90edb,kigali_urban,0,False,False
RWA-741bda277eb44a5e,kigali_urban,2,False,False
RWA-74305cc783c1e761,kigali_urban,2,False,False
RWA-7482502a82b83f87,kigali_urban,0,False,False
RWA-74d243aae01d06fe,kigali_urban,1,False,False
RWA-74da71caa0fcf3e4,kigali_urban,2,False,False
RWA-74f27625cd55190b,kigali_urban,0,False,False
RWA-74f79e02bf4656f0,kigali_urban,0,False,False
RWA-753fca123fccf8a6,kigali_urban,2,False,False
RWA-75b602aec61a9435,kigali_urban,2,False,False
RWA-75bd5004d989f690,kigali_urban,1,False,False
RWA-75bdff743b1945a3,kigali_urban,2,True,False
RWA-75e4eec172916c75,kigali_urban,1,False,False
RWA-76055be13c5697b7,kigali_urban,0,False,False
RWA-766b02a3b878ed38,kigali_urban,1,False,False
RWA-76b5f605c2762097,kigali_urban,0,False,False
RWA-7765139fb8e55997,kigali_urban,1,False,False
RWA-77cf373832f41003,kigali_urban,0,False,True
RWA-7809cac40eae6daa,kigali_urban,2,False,False
RWA-785a20b92b1d9d23,kigali_urban,1,True,False
RWA-787a2e335ba51d9f,kigali_urban,1,True,False
RWA-788167cbae4e49f3,kigali_urban,0,False,False
RWA-7890d9ddfaa1f3e6,kigali_urban,0,False,False
RWA-78f788a9112e3c02,kigali_urban,2,False,False
RWA-7909d72cc8dabe0c,kigali_urban,0,False,False
RWA-7921894497503eea,kigali_urban,2,False,False
RWA-798bc6c52ff33cd1,kigali_urban,0,False,False
RWA-7a12ffdb66f9bf2e,kigali_urban,0,False,False
RWA-7a6345376e5b5abd,kigali_urban,0,True,False
RWA-7acdb3c69569ea5d,kigali_urban,2,False,False
RWA-7af8cadb5e07afee,kigali_urban,1,False,False
RWA-7b3dd83513342ceb,kigali_urban,1,False,False
RWA-7b3fb992ebfe83b6,kigali_urban,2,False,False
RWA-7b4a8cfdab6cb875,kigali_urban,0,False,False
RWA-7b90efffdaac6a07,kigali_urban,1,False,False
RWA-7bc71f87d411b266,kigali_urban,2,False,False
RWA-7bdb3241ed2fd890,kigali_urban,0,False,False
RWA-7be7ca85c35db00f,kigali_urban,1,False,True
RWA-7c010a20faf10d67,kigali_urban,2,False,True
RWA-7c023f65873e49ec,kigali_urban,1,False,False
RWA-7c7dbb7f99850023,kigali_urban,0,False,False
RWA-7cfe0f200bc5fe61,kigali_urban,0,True,False
RWA-7d1ea870229b16c7,kigali_urban,2,False,False
RWA-7d48486da7b7ec14,kigali_urban,0,False,False
RWA-7d4fefa29381383f,kigali_urban,2,True,False
RWA-7d559ef05b5bfdaf,kigali_urban,1,False,False
RWA-7dac713e1aa0eeb2,kigali_urban,1,False,False
RWA-7e308192b51917e3,kigali_urban,1,False,False
RWA-7e55a66f14c6cac8,kigali_urban,1,True,False
RWA-7e65e2fce69c252b,kigali_urban,0,False,False
RWA-7e79a6cda85de180,kigali_urban,1,False,True
RWA-7e8f6203b2ab07d0,kigali_urban,0,False,False
RWA-7e92636beb1ee937,kigali_urban,0,True,False
RWA-7e92a0280d95e944,kigali_urban,0,False,False
RWA-7eb9f2e32c23235f,kigali_urban,1,False,False
RWA-7f74369929a1270f,kigali_urban,2,False,False
RWA-7fe76b1421269de0,kigali_urban,1,False,False
RWA-8000ce10a567c11e,kigali_urban,1,False,False
RWA-8018b317bfab7b56,kigali_urban,1,False,False
RWA-8052451bd7e1f838,kigali_urban,0,True,False
RWA-809078369800348a,kigali_urban,2,True,False
RWA-80f7a0da80c87c6d,kigali_urban,1,True,False
RWA-8131e6ffadabbd08,kigali_urban,2,False,False
RWA-8174e2b74da056c2,kigali_urban,1,False,False
RWA-81c183fbaf69555d,kigali_urban,1,False,False
RWA-8295b49ea0bd2ab9,kigali_urban,2,True,False
RWA-82d6c3d627204679,kigali_urban,1,False,False
RWA-82f7a0d7b87ad2be,kigali_urban,0,True,False
RWA-82feeb5ed7015664,kigali_urban,0,False,False
RWA-835c1b80436326f8,kigali_urban,0,False,False
RWA-837e96274431740c,kigali_urban,0,True,False
RWA-838204c4cade3d85,kigali_urban,0,False,False
RWA-839de418168d965a,kigali_urban,0,False,False
RWA-83c0b0cde78ee080,kigali_urban,2,False,False
RWA-83ebf8d45ef9e12b,kigali_urban,0,False,False
RWA-83f4f9f1ddcc7947,kigali_urban,2,False,False
RWA-84089426bc269318,kigali_urban,2,False,False
RWA-84778134518ac8e7,kigali_urban,2,True,False
RWA-8478735e16907821,kigali_urban,1,False,False
RWA-8491b57d6d8dedbf,kigali_urban,1,False,False
RWA-84982831bdda8240,kigali_urban,0,False,False
RWA-84bc4ecf1ea917bd,kigali_urban,0,False,False
RWA-84ce9d4e973ec57c,kigali_urban,1,False,False
RWA-84f980b07c3ed082,kigali_urban,1,False,False
RWA-85343fe50eaf3855,kigali_urban,2,True,False
RWA-858dddbef8bdb496,kigali_urban,0,False,False
RWA-858f1683d89c57fd,kigali_urban,1,True,False
RWA-8599cd90353f309f,kigali_urban,1,False,False
RWA-85b93d1e85c6c844,kigali_urban,2,False,True
RWA-85df6b735f173246,kigali_urban,1,False,False
RWA-860c5f745ef9cf26,kigali_urban,1,False,False
RWA-86245d40ebbb4fc5,kigali_urban,1,False,False
RWA-86e2a9677a7c5904,kigali_urban,0,False,False
RWA-87267d969f36560c,kigali_urban,2,True,False
RWA-874facbb1bf045f4,kigali_urban,0,False,False
RWA-877fe6dbefcbdf9c,kigali_urban,1,False,False
RWA-87b678546b5d64b2,kigali_urban,1,False,False
RWA-87d3257a7b16e9ee,kigali_urban,0,False,False
RWA-87d66a25adf2935a,kigali_urban,1,False,False
RWA-87dfa0f0de82de20,kigali_urban,1,False,False
RWA-87fe72776ce88e29,kigali_urban,2,False,False
RWA-8886ad67ccb6b172,kigali_urban,2,False,False
RWA-88b90b4a9443940a,kigali_urban,2,False,False
RWA-8914814a854fa902,kigali_urban,2,False,True
RWA-892f112f77d17f9c,kigali_urban,1,True,False
RWA-8932f0d80b548d16,kigali_urban,0,False,False
RWA-895aa38aa3f7a518,kigali_urban,1,False,False
RWA-8963ecbb1ea6ccfe,kigali_urban,2,True,True
RWA-8980a0521d1c0325,kigali_urban,0,False,False
RWA-89a99a7bc7634541,kigali_urban,0,False,False
RWA-89e2998bd572699e,kigali_urban,0,False,False
RWA-8a2028de875c9a31,kigali_urban,2,True,False
RWA-8a492dfcd7fc3e5e,kigali_urban,2,False,False
RWA-8a8248d20ef675fd,kigali_urban,0,False,False
RWA-8ab91eff218da24c,kigali_urban,2,False,False
RWA-8aff2789bd6ce167,kigali_urban,0,True,False
RWA-8be2bf088a1d9d2f,kigali_urban,2,False,False
RWA-8bfd97ff325ace78,kigali_urban,0,False,False
RWA-8bfe26e0ab0a491b,kigali_urban,0,False,False
RWA-8c61cf42bddae6a9,kigali_urban,1,False,False
RWA-8cb000c2e6a757a8,kigali_urban,0,False,False
RWA-8cb322043942f40b,kigali_urban,0,False,False
RWA-8cc3a69e6057b933,kigali_urban,0,False,False
RWA-8cd578bbdefc62ca,kigali_urban,0,False,False
RWA-8d04c955aafe1a5f,kigali_urban,1,False,False
RWA-8d45cb0b680ca254,kigali_urban,0,False,False
RWA-8d58c0f504dadf35,kigali_urban,0,False,False
RWA-8d8126ff0383fb6a,kigali_urban,0,False,False
RWA-8d8259c154631903,kigali_urban,0,False,False
RWA-8dc22db4e961a936,kigali_urban,1,False,False
RWA-8dd2ecc6c84a18df,kigali_urban,2,False,False
RWA-8de7545bc62a103c,kigali_urban,1,False,False
RWA-8e6d60eb1a5b7778,kigali_urban,0,False,False
RWA-8e9eb73ec4adc309,kigali_urban,1,False,False
RWA-8ebe1d40beb1db16,kigali_urban,2,True,False
RWA-8ecf69f933fb65d9,kigali_urban,2,False,False
RWA-8ed3c60481749738,kigali_urban,1,True,False
RWA-8eedddf3c7d43bb3,kigali_urban,1,False,False
RWA-8f3d8042cd06f41b,kigali_urban,0,False,False
RWA-8f416733c3d68d39,kigali_urban,1,False,False
RWA-8f6c940158917470,kigali_urban,2,False,False
RWA-8fa593ba6290101a,kigali_urban,1,True,False
RWA-8fb52412975c3051,kigali_urban,1,True,False
RWA-8fb872c5c1686182,kigali_urban,2,True,False
RWA-8ff117952efb805d,kigali_urban,1,False,False
RWA-903da4e784c8d97b,kigali_urban,2,True,False
RWA-903e7c0d3ed339e5,kigali_urban,2,False,False
RWA-90a17047ff1df738,kigali_urban,1,False,False
RWA-9100ed9a852fb615,kigali_urban,2,True,False
RWA-912d7c0bd04bf63f,kigali_urban,1,False,False
RWA-91662c0497d21f49,kigali_urban,2,False,False
RWA-91b440b966357c7c,kigali_urban,2,False,False
RWA-91bdd1683e70e7e7,kigali_urban,2,True,True
RWA-91c3f7e0e1c66953,kigali_urban,1,False,False
RWA-91d7a6ebf6bc27eb,kigali_urban,2,True,False
RWA-9209cbe064d4650d,kigali_urban,1,False,False
RWA-92586ff09719ebea,kigali_urban,0,False,False
RWA-929fb33c41861f3d,kigali_urban,1,False,True
RWA-9319c089016d0873,kigali_urban,2,False,False
RWA-931f7d0cfcc25e1a,kigali_urban,0,False,True
RWA-9334f3d982013350,kigali_urban,0,False,False
RWA-9338a9fbaef80a71,kigali_urban,2,False,False
RWA-938a5f92bc7262ad,kigali_urban,0,False,False
RWA-94521bccd380c05b,kigali_urban,2,True,False
RWA-9476581f79c10be6,kigali_urban,0,False,True
RWA-94c24100a2a3813b,kigali_urban,1,False,False
RWA-94c2f6ec55d0bd2c,kigali_urban,0,True,False
RWA-94da5e41df54c219,kigali_urban,1,False,False
RWA-9554dc50eebbe8c9,kigali_urban,1,False,False
RWA-95b901c724082575,kigali_urban,0,False,False
RWA-95ce43279eeb287e,kigali_urban,2,False,False
RWA-95e8cd4e6f6925ae,kigali_urban,1,False,False
RWA-95f882f72cd5a9fb,kigali_urban,1,False,False
RWA-9658ba09d7ee4969,kigali_urban,1,False,False
RWA-965f248c2eacd224,kigali_urban,1,True,False
RWA-96830cf7957380d4,kigali_urban,0,False,False
RWA-96871fc2cc989a00,kigali_urban,2,False,False
RWA-96a83220adf3d802,kigali_urban,2,False,False
RWA-96b8f78388847f0b,kigali_urban,2,False,False
RWA-9704e3346da42c1c,kigali_urban,1,False,False
RWA-97e9ee5a1b925844,kigali_urban,2,True,True
RWA-980401294ae124c9,kigali_urban,2,False,False
RWA-98534fc1ddd71cc5,kigali_urban,1,False,False
RWA-98702f4d6719648c,kigali_urban,1,True,False
RWA-989097913cbc4e52,kigali_urban,2,True,False
RWA-99295d8bb26faeda,kigali_urban,1,False,False
RWA-99d1be308e4f0f46,kigali_urban,0,False,False
RWA-9a0c3fddbcd5c06e,kigali_urban,2,False,False
RWA-9a1dedca2ea57469,kigali_urban,0,False,False
RWA-9a506f1391e5eb89,kigali_urban,2,False,False
RWA-9a866af8b41364be,kigali_urban,2,False,False
RWA-9a91bcefa1531b63,kigali_urban,0,False,False
RWA-9ae6fa5c95ceb596,kigali_urban,2,False,False
RWA-9b332753d703de89,kigali_urban,2,False,False
RWA-9b3348649481fac5,kigali_urban,2,True,False
RWA-9b5a6d90f3b8818f,kigali_urban,2,False,False
RWA-9b70188a12940600,kigali_urban,0,False,False
RWA-9b7c1706162c1de8,kigali_urban,2,False,False
RWA-9b860b9ad1eda1a6,kigali_urban,2,False,False
RWA-9c242cf6f6774ead,kigali_urban,0,False,False
RWA-9c654c6b953a7bee,kigali_urban,2,False,False
RWA-9c923ece9902b2c7,kigali_urban,2,False,False
RWA-9d0be4b62e32a64a,kigali_urban,2,True,False
RWA-9d44a0f02b31978a,kigali_urban,0,False,False
RWA-9d6117352931e54b,kigali_urban,0,False,False
RWA-9d9949abfa54906d,kigali_urban,2,False,False
RWA-9dbfed185f6b6c63,kigali_urban,1,False,False
RWA-9e07aef1b4f81732,kigali_urban,1,False,False
RWA-9e4cac3fb069a19a,kigali_urban,1,False,False
RWA-9e6eab189917bfc0,kigali_urban,0,False,False
RWA-9e9927cf6f616176,kigali_urban,2,False,False
RWA-9ed2dc3d71147085,kigali_urban,2,True,False
RWA-9ef1afa8c058a931,kigali_urban,0,False,False
RWA-9ef97760bacd0b97,kigali_urban,2,False,False
RWA-9f7b75c51c91de99,kigali_urban,0,False,False
RWA-9f8661db79ca8199,kigali_urban,0,False,False
RWA-9fa745a1939642f0,kigali_urban,1,False,False
RWA-9fbba189995a2678,kigali_urban,0,False,False
RWA-9fcc8b12e73621ba,kigali_urban,2,False,False
RWA-9fdbe1979c0c4085,kigali_urban,1,False,False
RWA-a053000ea63263cf,kigali_urban,1,False,False
RWA-a0b3c4f8903dfd03,kigali_urban,0,False,False
RWA-a0caed671c625502,kigali_urban,0,False,False
RWA-a10dc00c7c1245a8,kigali_urban,2,False,False
RWA-a155f7d6c31dda8b,kigali_urban,2,False,False
RWA-a157c502b573abd7,kigali_urban,1,False,False
RWA-a1966f979429d6fe,kigali_urban,2,True,False
RWA-a208b7a52af9a147,kigali_urban,1,True,True
RWA-a2b062ce236b1347,kigali_urban,2,False,False
RWA-a2d14352a1d2c1c8,kigali_urban,0,False,False
RWA-a2d48413cf99cf31,kigali_urban,1,False,False
RWA-a32ee519810e65d2,kigali_urban,2,False,False
RWA-a35f93657f2f9964,kigali_urban,2,True,False
RWA-a373f50fe846ac8f,kigali_urban,0,False,False
RWA-a37fbff440f76080,kigali_urban,1,True,False
RWA-a3a1b633fc7aefd0,kigali_urban,2,True,False
RWA-a3f7f46a1b2244d8,kigali_urban,0,False,False
RWA-a41083c20eacbd2f,kigali_urban,0,True,False
RWA-a4871e8bfabc9a89,kigali_urban,1,False,False
RWA-a4e50b0bdf7a5d6b,kigali_urban,0,False,False
RWA-a4f916df97b60fb0,kigali_urban,0,False,False
RWA-a52eb0025c3844c6,kigali_urban,1,False,True
RWA-a54a15c044b093ee,kigali_urban,2,False,False
RWA-a54facf341b45eec,kigali_urban,1,False,False
RWA-a5640f9eaf5bb021,kigali_urban,0,False,False
RWA-a5704745bae110bb,kigali_urban,0,False,False
RWA-a59c02d0ca508ef3,kigali_urban,1,False,False
RWA-a6003f05813199d2,kigali_urban,0,False,False
RWA-a6472ecdfa7d1beb,kigali_urban,2,False,False
RWA-a66a160b738375fa,kigali_urban,1,True,False
RWA-a68f978d5f6446d6,kigali_urban,2,False,False
RWA-a6dd60e918986c92,kigali_urban,2,False,False
RWA-a7103acfb549bacc,kigali_urban,1,False,False
RWA-a71cfe58821bf781,kigali_urban,0,False,True
RWA-a73fd4f740cbfef9,kigali_urban,1,True,False
RWA-a78030031378d70d,kigali_urban,0,False,True
RWA-a7ec32282d541737,kigali_urban,1,False,True
RWA-a7f7e9faa2f15b92,kigali_urban,2,True,False
RWA-a7fa156d9b295bd2,kigali_urban,0,False,False
RWA-a80d757d909c5153,kigali_urban,0,False,False
RWA-a8277ae7027b6b9a,kigali_urban,0,False,False
RWA-a84c36186a7b8c45,kigali_urban,1,False,False
RWA-a85ec0f4f6b2adf7,kigali_urban,2,False,False
RWA-a863f3dc5e1ae309,kigali_urban,0,False,False
RWA-a88daa9685a86b44,kigali_urban,1,False,False
RWA-a8900c8ab73bfa00,kigali_urban,2,False,False
RWA-a8f6592a6da28d1b,kigali_urban,0,False,True
RWA-a93d2c4f96622319,kigali_urban,1,False,False
RWA-a94385cb3a94cbd0,kigali_urban,2,True,False
RWA-a967b919ec2b2514,kigali_urban,2,False,False
RWA-a9766e1fc579cd39,kigali_urban,1,True,False
RWA-a985dadaf28e83aa,kigali_urban,0,True,False
RWA-a9a07793dbe624ef,kigali_urban,2,False,False
RWA-a9b627a2a1876083,kigali_urban,0,False,False
RWA-a9bf35e1e2b8d1e5,kigali_urban,0,False,False
RWA-a9e18e9e8efd376e,kigali_urban,1,False,False
RWA-a9ed28f6527441d5,kigali_urban,1,False,False
RWA-a9f5bb02924ce2d6,kigali_urban,0,False,False
RWA-aa360ac1dd397d9d,kigali_urban,2,False,False
RWA-aa8c606c65a5f9e7,kigali_urban,0,False,False
RWA-aaa0a22281921296,kigali_urban,0,False,False
RWA-ab48b456542da8c5,kigali_urban,2,False,False
RWA-ab9709fc6127eb00,kigali_urban,0,False,False
RWA-ab980f8b1e87f511,kigali_urban,2,False,False
RWA-abd5f6f5a6416796,kigali_urban,1,False,False
RWA-abe8fc288d4dd473,kigali_urban,2,False,False
RWA-ac4182d1d2f9221d,kigali_urban,1,False,False
RWA-ac5f46af5a2ae653,kigali_urban,2,True,False
RWA-aca1e050ee5c64d0,kigali_urban,0,False,False
RWA-aca9dff268aad247,kigali_urban,1,False,False
RWA-accc8a045823ad64,kigali_urban,2,True,False
RWA-ace2312af3a81f6f,kigali_urban,0,False,False
RWA-ad45126dabd6b6b4,kigali_urban,1,False,False
RWA-ad62f2c688386ce9,kigali_urban,2,False,False
RWA-ad6953be15d5c8b9,kigali_urban,1,True,False
RWA-ad86af363de3df3e,kigali_urban,1,False,False
RWA-ad8d9b9a8764c5e0,kigali_urban,0,False,False
RWA-ad96001c0b865d75,kigali_urban,2,True,False
RWA-ada780d9f966103d,kigali_urban,0,False,False
RWA-adb70dcbbe304146,kigali_urban,0,False,False
RWA-ade0280057f97ec9,kigali_urban,0,False,False
RWA-adee7005592082a8,kigali_urban,1,False,False
RWA-ae3d7acf20be6d5a,kigali_urban,2,False,True
RWA-ae60b97e5cd17bd4,kigali_urban,0,False,False
RWA-ae6149ebc1973789,kigali_urban,1,False,False
RWA-ae621a38dc8cd3ce,kigali_urban,2,True,False
RWA-ae717797aa5ae918,kigali_urban,1,False,False
RWA-aeea3b03ca36dcd9,kigali_urban,0,False,False
RWA-af34ae2f0d8c98e7,kigali_urban,2,False,False
RWA-afddab465ca53a87,kigali_urban,2,False,False
RWA-b01a81d3d7318a86,kigali_urban,2,False,False
RWA-b02fdc19022442af,kigali_urban,1,False,False
RWA-b05d512723fe5bd5,kigali_urban,0,False,False
RWA-b06b0fdaa98eb6c6,kigali_urban,1,False,False
RWA-b0755d65b224c112,kigali_urban,1,False,False
RWA-b07e12ae3a345e72,kigali_urban,2,False,False
RWA-b081f67760970be1,kigali_urban,0,False,False
RWA-b0a96518964a797e,kigali_urban,0,False,False
RWA-b0b5421ee4821b66,kigali_urban,2,True,False
RWA-b0badda8b601d05c,kigali_urban,2,False,False
RWA-b0ecedb3d35e28ca,kigali_urban,1,True,False
RWA-b0ee58ec5331dfc5,kigali_urban,2,False,True
RWA-b13ce10ce58e191d,kigali_urban,2,False,False
RWA-b192e1b23798ceb8,kigali_urban,2,True,False
RWA-b1df99cee0f71ff2,kigali_urban,1,False,True
RWA-b21b39882ebc7d81,kigali_urban,1,False,False
RWA-b2274d7af45c299d,kigali_urban,1,False,False
RWA-b22f6053ddeccde8,kigali_urban,0,False,False
RWA-b260dc50a9fc8a60,kigali_urban,2,False,False
RWA-b27e1f51bf36b4eb,kigali_urban,0,False,False
RWA-b2947f0b1256e5df,kigali_urban,2,False,False
RWA-b3232a54f2f537c1,kigali_urban,0,False,True
RWA-b33459a85db38f31,kigali_urban,2,False,False
RWA-b341d22d466d1368,kigali_urban,0,False,False
RWA-b3782a82e6a552a9,kigali_urban,0,False,False
RWA-b39751095e960495,kigali_urban,2,False,False
RWA-b3ec174914d16d4c,kigali_urban,2,False,False
RWA-b42e991e5fd9477b,kigali_urban,0,False,False
RWA-b444b1e3d0738a09,kigali_urban,2,False,False
RWA-b4509c4555eaeadb,kigali_urban,2,False,False
RWA-b456a1c7b6009372,kigali_urban,2,False,False
RWA-b4f5245ef886234c,kigali_urban,2,False,False
RWA-b5ae3f811331efce,kigali_urban,0,False,False
RWA-b5d77337f3b259fb,kigali_urban,1,False,False
RWA-b5fa77072d176c49,kigali_urban,2,False,True
RWA-b623aa14bd5bcf57,kigali_urban,1,False,False
RWA-b65c5294e7e50340,kigali_urban,2,False,False
RWA-b66c8366b6ebf6cb,kigali_urban,2,True,False
RWA-b6b60e1a51123428,kigali_urban,2,False,False
RWA-b6d57f2d2bc3aadf,kigali_urban,1,False,False
RWA-b74101d57ed8e929,kigali_urban,1,False,False
RWA-b75691841474a461,kigali_urban,0,False,False
RWA-b77dc9fed7e24ae8,kigali_urban,2,False,False
RWA-b7bbeb754006edb5,kigali_urban,2,True,False
RWA-b7e2415d2d14da89,kigali_urban,2,False,False
RWA-b81aeae04ee65617,kigali_urban,0,False,False
RWA-b82d694693a6df35,kigali_urban,2,True,False
RWA-b853c00dc3b3a0e6,kigali_urban,1,False,False
RWA-b8596c39d2a6c6a0,kigali_urban,0,False,False
RWA-b89624be662c8e2e,kigali_urban,0,False,False
RWA-b8bba2f1f64d58db,kigali_urban,1,False,False
RWA-b9084fdffe86ccba,kigali_urban,0,False,False
RWA-b9286548158a2435,kigali_urban,1,False,False
RWA-b99e66ed8ccf3cfa,kigali_urban,2,False,False
RWA-b9ae3a1acce6bd3a,kigali_urban,2,False,False
RWA-b9cd391d84458670,kigali_urban,1,False,False
RWA-b9e2fa354fed38d4,kigali_urban,2,True,False
RWA-ba0fc0db9498337a,kigali_urban,2,False,False
RWA-ba128655ae63133e,kigali_urban,2,False,False
RWA-ba1ca618c7477a3e,kigali_urban,0,False,False
RWA-ba49904ec2e5cfcc,kigali_urban,1,False,False
RWA-ba624036d97e6906,kigali_urban,1,False,False
RWA-ba6a321e1d29d81c,kigali_urban,1,False,False
RWA-ba78f29d7d7cc1ad,kigali_urban,2,True,False
RWA-ba78fa7a0d7d4c7d,kigali_urban,0,False,False
RWA-ba970558b89d694b,kigali_urban,0,False,False
RWA-ba98af345fcc670a,kigali_urban,2,False,False
RWA-bac331f55858db66,kigali_urban,2,False,False
RWA-baeca9fbc07b1a2a,kigali_urban,1,False,False
RWA-bb2af04f452de659,kigali_urban,2,True,False
RWA-bb8e21801d0533e7,kigali_urban,0,False,False
RWA-bb9c8eb6944a93f1,kigali_urban,1,False,False
RWA-bbb3bbdd7cb98446,kigali_urban,1,True,False
RWA-bc03c7c10f488c00,kigali_urban,0,False,False
RWA-bc14b5298c4eb171,kigali_urban,1,False,False
RWA-bc51b5fbe4f3a2ce,kigali_urban,2,False,False
RWA-bc9b55121fdb6b70,kigali_urban,2,False,False
RWA-bcc35b661f1833e3,kigali_urban,1,False,False
RWA-bcd252dfb42673be,kigali_urban,2,False,False
RWA-bd2eb5b7bf3fa2fa,kigali_urban,2,True,False
RWA-bd68a89c4022132d,kigali_urban,0,False,False
RWA-bd7ac8fa7c00a7d8,kigali_urban,1,False,False
RWA-bdae918ad5ecf31d,kigali_urban,0,True,True
RWA-bde3c2560b2a7ed5,kigali_urban,0,False,False
RWA-be13ef3ddb8db89a,kigali_urban,1,False,False
RWA-be22187b56d24970,kigali_urban,2,False,False
RWA-be531718da037ef4,kigali_urban,2,False,False
RWA-be5fc8990fff9c09,kigali_urban,1,False,False
RWA-be7f11e224b7b922,kigali_urban,0,False,False
RWA-be81822dc269f9f7,kigali_urban,0,False,False
RWA-be929cdee3897fe5,kigali_urban,0,False,False
RWA-be96338012744a70,kigali_urban,1,False,False
RWA-bee1151b9006c731,kigali_urban,2,False,False
RWA-beeb8674c44e5cca,kigali_urban,0,True,False
RWA-bf0e8278580734f8,kigali_urban,0,False,False
RWA-bf3929e61f76aee0,kigali_urban,2,False,False
RWA-bf52abbf86f01bff,kigali_urban,2,True,False
RWA-bf7275e7a88ecba3,kigali_urban,2,False,False
RWA-bfd52951dfc9d9e0,kigali_urban,2,False,False
RWA-bfdaa0982f8f8911,kigali_urban,0,False,False
RWA-bffac566df0b5b8a,kigali_urban,2,False,False
RWA-c0660bdc326b00b6,kigali_urban,2,False,False
RWA-c0c6056cc2bb7058,kigali_urban,1,True,False
RWA-c115646cb792d005,kigali_urban,2,False,True
RWA-c157b2b56edbded4,kigali_urban,0,True,False
RWA-c15c0b1d9a39be5d,kigali_urban,2,False,False
RWA-c15cfb035a4627f9,kigali_urban,1,False,False
RWA-c16e4b9537fadbb6,kigali_urban,0,False,False
RWA-c195b9b8d3e03a23,kigali_urban,0,False,False
RWA-c1f27acb8eec6c71,kigali_urban,1,False,False
RWA-c23c93d79046ca5a,kigali_urban,1,False,False
RWA-c23f4ad985f689ab,kigali_urban,0,False,False
RWA-c2501ace1da2aa27,kigali_urban,1,True,False
RWA-c2b17dcba0ffac97,kigali_urban,1,False,False
RWA-c2b3689b07b42354,kigali_urban,0,False,False
RWA-c2d583bb31f85ac7,kigali_urban,2,False,False
RWA-c3842ccef6bb9818,kigali_urban,0,True,False
RWA-c38eaacdf9a43691,kigali_urban,0,False,False
RWA-c392b1e57f7876c8,kigali_urban,0,False,False
RWA-c3a207a7b61a6bcb,kigali_urban,1,False,False
RWA-c3accb39a56ebc3f,kigali_urban,2,False,False
RWA-c3b6da0b493d2f76,kigali_urban,2,False,False
RWA-c3c856009491449e,kigali_urban,1,False,False
RWA-c41ab7a246be5399,kigali_urban,2,False,False
RWA-c449f35569711a3f,kigali_urban,2,False,False
RWA-c466d1319e127b16,kigali_urban,0,True,False
RWA-c49796bc72feea3a,kigali_urban,0,True,False
RWA-c4af61e5fc6e1620,kigali_urban,0,True,False
RWA-c505c365623cb54a,kigali_urban,2,False,False
RWA-c518f76acf41cec7,kigali_urban,2,True,False
RWA-c5490cb5e8fb9973,kigali_urban,2,False,False
RWA-c562b956e60027d4,kigali_urban,1,False,True
RWA-c57d26509c31852e,kigali_urban,1,False,False
RWA-c57d8791955351f1,kigali_urban,0,False,False
RWA-c588e21cce93ea39,kigali_urban,1,True,False
RWA-c5ce601471b70eab,kigali_urban,0,False,False
RWA-c6240bdb9384d46f,kigali_urban,1,True,False
RWA-c6cfbe8cf5201f33,kigali_urban,1,False,True
RWA-c72eafaac344a622,kigali_urban,0,False,False
RWA-c7862b8db482e09d,kigali_urban,2,False,False
RWA-c791548321a22bb4,kigali_urban,1,False,False
RWA-c7951678b2a01ccd,kigali_urban,1,False,False
RWA-c7ab6971334ce311,kigali_urban,1,True,False
RWA-c7f2f48399a3fdba,kigali_urban,0,False,False
RWA-c8396f8da75e61a0,kigali_urban,2,False,False
RWA-c8435bf03c030005,kigali_urban,0,False,False
RWA-c87135bc60b2933c,kigali_urban,2,False,False
RWA-c894c7ebb2906b54,kigali_urban,0,False,False
RWA-c94c6fea1c6dff02,kigali_urban,2,False,False
RWA-c95707b82a741f2d,kigali_urban,1,False,False
RWA-c9989788f1fb163f,kigali_urban,0,False,False
RWA-c9d789aee8a01e1d,kigali_urban,2,False,False
RWA-c9ecc517a9789967,kigali_urban,2,False,False
RWA-ca0d83afd6a3116a,kigali_urban,2,True,False
RWA-ca330f0f2f53d072,kigali_urban,2,False,False
RWA-ca7c6e5280d11e68,kigali_urban,1,False,False
RWA-caa30e7c877b1675,kigali_urban,1,True,False
RWA-cb2ce6a322d8f287,kigali_urban,1,False,False
RWA-cbe844b845323d5e,kigali_urban,0,False,False
RWA-cbf2808cc3050514,kigali_urban,2,False,False
RWA-cc293867e1e39a36,kigali_urban,2,True,False
RWA-cc8893379cd4547c,kigali_urban,0,False,False
RWA-cce36d2505b68507,kigali_urban,2,True,False
RWA-ccff6af6d4678602,kigali_urban,0,True,False
RWA-cd116ad84727a6c2,kigali_urban,2,True,False
RWA-cdaff83eb75ab740,kigali_urban,0,False,False
RWA-ce7f700e32ffa35a,kigali_urban,0,False,False
RWA-cefd8101ea69a9d9,kigali_urban,1,True,False
RWA-cf102fb59a844977,kigali_urban,1,False,False
RWA-cf28bd2b11d60ac3,kigali_urban,2,False,False
RWA-cf4bbba9f555efdb,kigali_urban,0,False,False
RWA-cf78fe910c74d3a3,kigali_urban,2,False,False
RWA-cfcc7deb2c1ceebd,kigali_urban,0,False,False
RWA-cff05c04812fc7e7,kigali_urban,1,False,True
RWA-d00817051addd059,kigali_urban,1,False,False
RWA-d009db60c6e1ca3b,kigali_urban,2,False,False
RWA-d05c8f02da41d8e7,kigali_urban,0,False,False
RWA-d0949d90aa8e59d8,kigali_urban,2,True,True
RWA-d0a936ff11bf14ed,kigali_urban,1,False,False
RWA-d0eb74a2b7da0326,kigali_urban,1,True,False
RWA-d12e0dd42b075077,kigali_urban,1,False,False
RWA-d131322e9317a973,kigali_urban,2,False,False
RWA-d1328b0574204ac2,kigali_urban,2,False,False
RWA-d13e239cfdf1ba33,kigali_urban,1,True,False
RWA-d169672c3b916baf,kigali_urban,2,True,False
RWA-d1d5ad240bd7001e,kigali_urban,1,False,False
RWA-d22f55c748d13616,kigali_urban,1,False,False
RWA-d266684765baebed,kigali_urban,2,False,False
RWA-d2727ca498cb8f5a,kigali_urban,1,False,True
RWA-d2879a5a05ac92f8,kigali_urban,2,False,False
RWA-d29963739f04d3f1,kigali_urban,0,True,False
RWA-d2b74127206ff0ab,kigali_urban,2,False,False
RWA-d30a99727d71a72a,kigali_urban,2,True,False
RWA-d352da836ca88d30,kigali_urban,0,False,False
RWA-d35bd2f3d727e775,kigali_urban,1,False,False
RWA-d36e33983ba87b61,kigali_urban,1,False,True
RWA-d3bd727dc5a60d98,kigali_urban,2,False,False
RWA-d3f1e47c3c082843,kigali_urban,1,False,False
RWA-d404b775854c02ac,kigali_urban,1,False,False
RWA-d482e5f91967cc53,kigali_urban,0,False,False
RWA-d492e35d305b167a,kigali_urban,1,False,False
RWA-d4ddffbf6cfa104c,kigali_urban,2,True,False
RWA-d4eafd5038b84d10,kigali_urban,2,False,False
RWA-d4ebed5afdf6be09,kigali_urban,1,True,False
RWA-d50c1c10261f33fb,kigali_urban,2,False,False
RWA-d572b34cbaf7a8ea,kigali_urban,0,False,False
RWA-d5866d9bb207726b,kigali_urban,1,False,False
RWA-d58b08490fac3922,kigali_urban,1,False,False
RWA-d5a2ff7ba82efcb7,kigali_urban,2,False,False
RWA-d5a5a6d59f760d7b,kigali_urban,1,False,False
RWA-d5bbe6123cebdcef,kigali_urban,0,False,False
RWA-d5cd3876ea17a1f4,kigali_urban,2,False,False
RWA-d6249561a1383f40,kigali_urban,2,False,False
RWA-d629065c1dbab615,kigali_urban,0,False,False
RWA-d665f248b133176c,kigali_urban,1,False,False
RWA-d69e68a6c0c21f25,kigali_urban,1,False,False
RWA-d6db8cd0a3870fe9,kigali_urban,0,False,False
RWA-d707faa49e1fa822,kigali_urban,1,False,False
RWA-d73fc6660962d151,kigali_urban,2,False,False
RWA-d7617ed9ce5ac393,kigali_urban,1,True,False
RWA-d77a3e71229afcf3,kigali_urban,1,False,False
RWA-d80da24186268255,kigali_urban,2,False,False
RWA-d81d7784407fbc16,kigali_urban,2,False,False
RWA-d83dc7ed8dc2371f,kigali_urban,1,True,False
RWA-d851541a3ab9b05b,kigali_urban,1,False,False
RWA-d949fd9d847fc514,kigali_urban,0,False,True
RWA-d955a34b716aa7d4,kigali_urban,0,False,True
RWA-d96e3e8215ab7e82,kigali_urban,2,True,False
RWA-d96e7770c02049e9,kigali_urban,2,False,False
RWA-d9b84e67dff3d13b,kigali_urban,1,False,False
RWA-d9c9368ece9f3f43,kigali_urban,2,False,False
RWA-da1ecfa2f48ff7ce,kigali_urban,2,False,False
RWA-da2263cce060b0f7,kigali_urban,0,True,False
RWA-daceee10353d5b99,kigali_urban,2,False,False
RWA-dad6866c3bd0063d,kigali_urban,1,False,False
RWA-dade66cf2de647f1,kigali_urban,1,True,False
RWA-dae6f0e0f9e82f62,kigali_urban,1,False,False
RWA-dbb35f07c217d626,kigali_urban,1,False,False
RWA-dbb44849e7b5ec8c,kigali_urban,1,False,False
RWA-dc0943816236fb00,kigali_urban,2,True,False
RWA-dc14457a9096842f,kigali_urban,1,False,False
RWA-dc2fe2922ebd9de3,kigali_urban,1,False,False
RWA-dc304aa251f5f28b,kigali_urban,0,False,False
RWA-dc5b39270b1f7867,kigali_urban,0,False,False
RWA-dc5cfc77dc632fb1,kigali_urban,0,False,False
RWA-dc721611188c28e7,kigali_urban,1,False,False
RWA-dc76af71b5c63184,kigali_urban,0,False,False
RWA-dc871d32e143cf3e,kigali_urban,0,False,False
RWA-dc9bbea048b9365a,kigali_urban,0,False,False
RWA-dcab9bb01b82ca7b,kigali_urban,2,True,True
RWA-dcb61f604b0bdc2b,kigali_urban,0,False,True
RWA-dcf7a6089216b6fa,kigali_urban,1,False,False
RWA-dd08595f825f7a4c,kigali_urban,1,True,False
RWA-dd09ec7bba457210,kigali_urban,1,True,False
RWA-dd2db8d0548813b6,kigali_urban,0,False,False
RWA-dd808ebfce09422d,kigali_urban,2,False,False
RWA-dd8558496ffc6fd9,kigali_urban,2,False,False
RWA-ddabd29d143c7d7a,kigali_urban,2,True,False
RWA-ddd7b1bacd1e81d6,kigali_urban,1,False,False
RWA-ddfa1437dc3ab4e3,kigali_urban,1,True,False
RWA-de099a6ce5b348bc,kigali_urban,0,False,False
RWA-dea1811a1e8f0201,kigali_urban,0,False,False
RWA-def3658a7bdc2658,kigali_urban,2,False,False
RWA-df28bed7933afa2c,kigali_urban,1,False,False
RWA-df984ad8e36c523f,kigali_urban,0,True,False
RWA-dfb7d728ff78aa14,kigali_urban,1,False,False
RWA-dfcbd642cf8d698d,kigali_urban,2,True,False
RWA-dfebb7b10fd60875,kigali_urban,2,False,False
RWA-e03599fcc46a388d,kigali_urban,1,True,True
RWA-e0361e40aa0d07a5,kigali_urban,0,False,False
RWA-e06252dc2a64d568,kigali_urban,2,False,True
RWA-e0af92dc4172ccf0,kigali_urban,1,False,False
RWA-e0bba3544a678018,kigali_urban,0,False,False
RWA-e0f41f52e03432c9,kigali_urban,0,False,False
RWA-e0f4d45ddcbeb09e,kigali_urban,1,False,True
RWA-e128ecd9a6ba445d,kigali_urban,1,False,False
RWA-e1a339d19ac034e6,kigali_urban,1,False,False
RWA-e1d2b1f0c52b0867,kigali_urban,0,False,False
RWA-e1d601098258b1f6,kigali_urban,0,False,False
RWA-e20f12cf64c3f0fa,kigali_urban,2,True,False
RWA-e264c7f7adbbbc2b,kigali_urban,0,False,False
RWA-e2a744b4ae759f80,kigali_urban,0,False,False
RWA-e2fada0e58212180,kigali_urban,1,True,False
RWA-e313961c340a7616,kigali_urban,1,True,False
RWA-e33cebd471f2c350,kigali_urban,1,False,False
RWA-e346c36a536a9993,kigali_urban,2,False,False
RWA-e3471daf9b874cdc,kigali_urban,1,False,False
RWA-e381bda92c669feb,kigali_urban,0,False,False
RWA-e38fd512b6cb4580,kigali_urban,0,False,False
RWA-e3d73f7e4ad12e02,kigali_urban,1,False,False
RWA-e4143c7601d1748a,kigali_urban,2,False,False
RWA-e45352e0bc39c5de,kigali_urban,0,False,False
RWA-e482bb214bffcbe3,kigali_urban,1,False,False
RWA-e4b6f9b48116c4f3,kigali_urban,2,False,True
RWA-e4c67ef28cc06ea7,kigali_urban,0,False,False
RWA-e4e86cf09854004e,kigali_urban,0,False,False
RWA-e52deb4aa24d6a1d,kigali_urban,0,False,False
RWA-e54df67a8c1d9b08,kigali_urban,1,False,False
RWA-e59dec66c17d9bb3,kigali_urban,2,False,False
RWA-e5aed27f48a8f0e5,kigali_urban,2,True,False
RWA-e5fcfafac3246fbe,kigali_urban,0,False,False
RWA-e6426b9dccce9f43,kigali_urban,2,False,False
RWA-e659d8e6262d42dd,kigali_urban,2,False,False
RWA-e65a317188d9c33a,kigali_urban,1,False,False
RWA-e672a8b9a8b818f2,kigali_urban,0,False,False
RWA-e6993a519c285d22,kigali_urban,2,True,False
RWA-e6f77afbbcd2d3dc,kigali_urban,2,False,False
RWA-e703209cde0d18d2,kigali_urban,0,False,False
RWA-e742443d4e76bce4,kigali_urban,2,False,False
RWA-e74b85807c073472,kigali_urban,2,False,False
RWA-e77fd72a875d74bd,kigali_urban,0,True,False
RWA-e7abbe8b88383042,kigali_urban,2,True,False
RWA-e7d38d46a23ab669,kigali_urban,0,False,False
RWA-e7e4d20ee277835c,kigali_urban,2,False,False
RWA-e7f14b1c7bc29d99,kigali_urban,1,False,False
RWA-e813b9a9c21bd011,kigali_urban,1,False,True
RWA-e83ddebeaaafaf76,kigali_urban,1,False,False
RWA-e847d43cef50c989,kigali_urban,1,False,False
RWA-e8717b4bebe797f1,kigali_urban,1,False,False
RWA-e88a8db05537b2ba,kigali_urban,2,False,True
RWA-e912a5a84c60e9b2,kigali_urban,2,False,False
RWA-e97593fedb6b53a0,kigali_urban,2,False,False
RWA-e998882b3e050583,kigali_urban,1,False,False
RWA-e9bd79d0229d95cf,kigali_urban,0,False,False
RWA-e9ef27782522c76b,kigali_urban,2,False,False
RWA-e9f7cf5d213c0830,kigali_urban,1,False,False
RWA-ea3594dfd79d1411,kigali_urban,0,True,True
RWA-ea5718dddde2ea28,kigali_urban,0,False,False
RWA-ea87168adbd92ad7,kigali_urban,1,True,False
RWA-eaa9865a8e78d70d,kigali_urban,2,False,False
RWA-eab661b6dab0a402,kigali_urban,1,False,False
RWA-eb3452ae34c1464b,kigali_urban,2,True,False
RWA-eb5d1835afdb2e6d,kigali_urban,0,False,False
RWA-eb6ae6c09988077e,kigali_urban,0,False,False
RWA-eb880a92e0f1ac76,kigali_urban,2,True,False
RWA-eb9e21e116cde225,kigali_urban,1,False,False
RWA-eba3d79c9eec2e04,kigali_urban,2,False,False
RWA-ebb3b6924257099a,kigali_urban,1,False,True
RWA-ebb467ebcd43e32f,kigali_urban,2,False,False
RWA-ebb722499a0cdf93,kigali_urban,1,False,True
RWA-ebf9c8cce019edae,kigali_urban,0,False,True
RWA-ec084d0823e24fe3,kigali_urban,0,False,False
RWA-ec3c54f3ae4b99a7,kigali_urban,2,False,False
RWA-ec4cc40298a11c28,kigali_urban,1,True,False
RWA-ec5c1aa1677e788b,kigali_urban,2,True,False
RWA-ec7ba890f815619c,kigali_urban,2,False,False
RWA-ecca72614c7b2283,kigali_urban,1,False,False
RWA-ecdfa21c3cccfd8f,kigali_urban,1,False,False
RWA-ed144b403897fdc7,kigali_urban,2,False,False
RWA-ed2d8ee7338d3264,kigali_urban,1,False,False
RWA-ed8cb382fb5ae8b2,kigali_urban,2,True,False
RWA-ed94ca0b820575a6,kigali_urban,2,False,False
RWA-ee099d8d8aebb613,kigali_urban,2,False,False
RWA-ee47db89fca286d8,kigali_urban,0,False,False
RWA-ee4dbfac1049640f,kigali_urban,1,False,False
RWA-ee8e4dd33da45327,kigali_urban,1,False,False
RWA-eecaac3a6e7546a8,kigali_urban,2,False,False
RWA-eed5c31f660876fe,kigali_urban,1,False,False
RWA-ef2d7551784b26f7,kigali_urban,0,False,True
RWA-ef988a9dc2669e06,kigali_urban,0,False,False
RWA-efb588db70a9bd91,kigali_urban,0,False,False
RWA-efbd3b57cbbdf7c0,kigali_urban,2,False,False
RWA-efcd97161cbb95b0,kigali_urban,2,False,False
RWA-f07cb7c4f4f69e94,kigali_urban,0,False,False
RWA-f085419e929b00bb,kigali_urban,0,False,False
RWA-f0c439ec8aec498b,kigali_urban,1,True,True
RWA-f0d196af1c786abb,kigali_urban,1,False,False
RWA-f0fe412c721cd61e,kigali_urban,0,False,False
RWA-f1033bb748c5fdd8,kigali_urban,0,True,False
RWA-f10f53efd3fbfd8a,kigali_urban,1,False,False
RWA-f17249bd5e5afea1,kigali_urban,1,False,False
RWA-f1cd5cb7d873f9e2,kigali_urban,0,True,False
RWA-f1e716adddc56262,kigali_urban,2,True,False
RWA-f1eb4c03379b03c7,kigali_urban,0,False,False
RWA-f1fe397fb99e2f3a,kigali_urban,2,True,False
RWA-f220c69e499ca907,kigali_urban,2,False,False
RWA-f244483fe0fca93c,kigali_urban,0,False,False
RWA-f283535a88e475f9,kigali_urban,2,False,False
RWA-f2a63e67e10c9eb5,kigali_urban,1,False,False
RWA-f2b9b9c028e16968,kigali_urban,1,False,False
RWA-f2be44332588bb6d,kigali_urban,1,True,False
RWA-f2ca39643a96339e,kigali_urban,2,False,False
RWA-f327dfdc587ee9de,kigali_urban,0,False,False
RWA-f32a6f333316a8ed,kigali_urban,0,False,False
RWA-f348370c53935234,kigali_urban,0,True,False
RWA-f3704080e1f92113,kigali_urban,0,False,False
RWA-f3ba1478fdd5191e,kigali_urban,2,False,False
RWA-f3d46d2c443315c4,kigali_urban,2,False,False
RWA-f401e0ecb7c3aea7,kigali_urban,0,False,False
RWA-f4a315c9127397da,kigali_urban,2,False,False
RWA-f4cd33d40be246de,kigali_urban,1,False,False
RWA-f503bb38b0dbc6d6,kigali_urban,1,False,False
RWA-f5359f29fd09709a,kigali_urban,0,True,False
RWA-f55c221bfce7fa07,kigali_urban,2,False,False
RWA-f5f73238bbdaf311,kigali_urban,1,False,False
RWA-f5f810b93de72ef9,kigali_urban,2,False,False
RWA-f625b77783bf029a,kigali_urban,0,False,False
RWA-f634cebd697fb9c7,kigali_urban,1,False,False
RWA-f65689e522e6b526,kigali_urban,1,False,False
RWA-f65dfe867e4191ce,kigali_urban,2,False,False
RWA-f67e51b2802cf435,kigali_urban,2,False,False
RWA-f6911088eec0a870,kigali_urban,2,False,False
RWA-f6990231e7ed4411,kigali_urban,2,False,False
RWA-f6e0cd8fe3307d22,kigali_urban,2,True,False
RWA-f6fec00d91cd4264,kigali_urban,2,False,False
RWA-f706f5adb495f555,kigali_urban,1,True,False
RWA-f75258657f59ee22,kigali_urban,0,True,False
RWA-f78525b58453a311,kigali_urban,0,True,False
RWA-f7867322fa965034,kigali_urban,0,False,False
RWA-f7a9c80d61e55d78,kigali_urban,0,False,False
RWA-f805424de4391520,kigali_urban,0,False,False
RWA-f8083c0501e64e37,kigali_urban,2,True,False
RWA-f81839d687a45619,kigali_urban,0,False,False
RWA-f8236c9ec50b2edb,kigali_urban,1,False,False
RWA-f878ebae94c55799,kigali_urban,1,False,False
RWA-f8887bc331f623a1,kigali_urban,1,False,False
RWA-f88f0d045e65f8f2,kigali_urban,0,False,False
RWA-f89f786d72d3f3d2,kigali_urban,2,False,False
RWA-f89f81cd9e26f683,kigali_urban,1,True,True
RWA-f8d6d8fc1108a436,kigali_urban,2,False,False
RWA-f8d9bffd86034381,kigali_urban,2,False,False
RWA-f8dcf6bb0a81ae1c,kigali_urban,0,False,False
RWA-f8e08d42fb732012,kigali_urban,1,True,True
RWA-f93d009b2cf019dd,kigali_urban,0,False,False
RWA-f94a498f698f5831,kigali_urban,1,False,False
RWA-f962891e964eb1d8,kigali_urban,2,False,False
RWA-f9ac4e3077f04aa6,kigali_urban,0,True,False
RWA-f9c98da3252f6211,kigali_urban,1,False,False
RWA-fa7974a992b28872,kigali_urban,0,False,False
RWA-fac262976a827638,kigali_urban,1,False,False
RWA-faceb2b2b760746f,kigali_urban,2,False,False
RWA-fad21273f88c4ebd,kigali_urban,0,False,False
RWA-fae54d51f5d00668,kigali_urban,0,False,False
RWA-fb0fec33af087adf,kigali_urban,2,False,False
RWA-fb1ff0fe45d303fb,kigali_urban,2,False,False
RWA-fb6b3f3a7f499174,kigali_urban,2,False,False
RWA-fb8607dab3c546d3,kigali_urban,1,True,False
RWA-fbe870a0b9221ad1,kigali_urban,2,False,False
RWA-fc35a5428f51a29b,kigali_urban,2,False,False
RWA-fc3ab77fbe2ddc97,kigali_urban,1,True,False
RWA-fc7a0aca2aa4dc07,kigali_urban,2,False,False
RWA-fc7e5d9ed70fc230,kigali_urban,1,True,False
RWA-fc9e729e215a2d43,kigali_urban,0,True,True
RWA-fca2545af01c7bcb,kigali_urban,2,True,False
RWA-fcb3c317757d8efb,kigali_urban,0,False,False
RWA-fced562bbab7a6a1,kigali_urban,2,False,False
RWA-fe8fa8494d92f4d4,kigali_urban,0,False,False
RWA-fea1a422f7f95247,kigali_urban,2,True,False
RWA-fedcddb484a7384b,kigali_urban,0,False,False
RWA-fef220cbc3ca0084,kigali_urban,0,False,True
RWA-feffae7e94f4aac9,kigali_urban,2,False,True
RWA-ff1f5c7f7f546886,kigali_urban,2,False,False
RWA-ff8085882a4fde5d,kigali_urban,0,False,False
RWA-ff95d2fd0a0abec2,kigali_urban,0,False,False
RWA-ffc89184b53be505,kigali_urban,0,False,False
RWA-ffd4b90d723d73b4,kigali_urban,1,False,False
RWA-007f9e7e7fa72734,musanze_city,0,False,False
RWA-008591c0906acb30,musanze_city,1,True,False
RWA-00885e5a5dba6d6d,musanze_city,0,False,False
RWA-00a44311fedfc1e3,musanze_city,0,False,False
RWA-00be2d4d8dfdffe8,musanze_city,2,False,False
RWA-0157dc3530994b8f,musanze_city,0,False,False
RWA-016b059b3616e567,musanze_city,0,False,False
RWA-0196727ce4e233b6,musanze_city,1,False,False
RWA-019950a436749ee1,musanze_city,1,False,False
RWA-019e13f2f3cf2c46,musanze_city,2,True,False
RWA-01ae0417d7a8dad1,musanze_city,2,False,True
RWA-01e15890de2efa2b,musanze_city,1,False,False
RWA-02492d4a79139bec,musanze_city,1,False,False
RWA-026b534e9dfd3c76,musanze_city,0,True,True
RWA-02b036d7ff3ec1fe,musanze_city,1,False,False
RWA-03109e0f78b16581,musanze_city,1,False,False
RWA-03487b4b6e2f51e6,musanze_city,1,False,False
RWA-03e54d7820bd603e,musanze_city,1,False,False
RWA-03ff085e9277838d,musanze_city,0,False,False
RWA-03ff7e2766119f0b,musanze_city,0,False,False
RWA-041ff3a6f21c7ffa,musanze_city,0,False,False
RWA-042a4c012ee9953c,musanze_city,0,True,False
RWA-043758e9bfda4d10,musanze_city,2,False,True
RWA-04393d5e1b3af5a0,musanze_city,1,True,False
RWA-048112a4a32bac4c,musanze_city,0,False,False
RWA-04b60834fa7444f1,musanze_city,1,True,False
RWA-04be8d95e0bddba9,musanze_city,0,True,False
RWA-04cef9eb2575f465,musanze_city,0,False,False
RWA-04ee3161581a0954,musanze_city,1,False,False
RWA-0501ca7a8f753922,musanze_city,1,False,False
RWA-0575fa63f340f7c0,musanze_city,0,False,False
RWA-05b7934491dbc609,musanze_city,0,True,False
RWA-05cedd07d61d8c44,musanze_city,0,True,False
RWA-05d032f0b060ad7c,musanze_city,0,False,False
RWA-05e03fff6fd14b54,musanze_city,0,False,False
RWA-0619ef280620ad7b,musanze_city,2,True,False
RWA-061a68279fa0db02,musanze_city,0,False,False
RWA-06359f6afe1cc6b0,musanze_city,1,False,False
RWA-0646c6c1c14cf1ab,musanze_city,2,True,True
RWA-067864a44dd20eeb,musanze_city,0,False,False
RWA-068fc625704bb511,musanze_city,0,False,False
RWA-06ac07d0f03a7417,musanze_city,2,False,False
RWA-06b0831b3f5a87e6,musanze_city,1,False,False
RWA-06b65d215202d93b,musanze_city,0,False,False
RWA-06c55fe670a5c57e,musanze_city,0,False,True
RWA-0710e28a7d0d02d4,musanze_city,2,False,False
RWA-0726fb3d055d9680,musanze_city,2,True,False
RWA-075a1514c15e29b6,musanze_city,1,False,False
RWA-076928f2b2dde0a8,musanze_city,0,True,False
RWA-076e6cf8b169084b,musanze_city,2,False,False
RWA-079d96ec7d6e4d43,musanze_city,2,True,True
RWA-07aa44f5afe2b000,musanze_city,0,False,False
RWA-07aaa34ac5efa7cc,musanze_city,2,True,False
RWA-07ef44cf8d9e9872,musanze_city,2,True,False
RWA-082a065fa4104cfb,musanze_city,2,False,False
RWA-08644432654e19d3,musanze_city,2,False,False
RWA-08a19723c762ddb0,musanze_city,0,True,False
RWA-08a37932863fe6b0,musanze_city,0,False,False
RWA-08eeb7a6d4a2c98e,musanze_city,0,False,False
RWA-08f6a517366f4bcb,musanze_city,1,True,False
RWA-096724cc7de08653,musanze_city,1,False,False
RWA-09925a3e85f4632b,musanze_city,0,False,False
RWA-099ceb2dba8e2eb7,musanze_city,2,False,False
RWA-09c1367ee08670d9,musanze_city,1,True,False
RWA-0a22970d3619ae58,musanze_city,0,True,False
RWA-0a2ea50025ccf737,musanze_city,1,False,False
RWA-0a446fb5b91f43b9,musanze_city,0,False,False
RWA-0a5430647733b5f6,musanze_city,0,False,False
RWA-0abcb7d174eb0197,musanze_city,2,False,False
RWA-0aebbee8203a9637,musanze_city,2,False,False
RWA-0b274c278de76448,musanze_city,0,False,False
RWA-0b2cd0315640c7ba,musanze_city,1,True,False
RWA-0b65a39efa6fb821,musanze_city,2,False,False
RWA-0b662fc2d1055d58,musanze_city,2,True,False
RWA-0b9abcd23840fbe6,musanze_city,2,False,False
RWA-0baaabb6ca627682,musanze_city,1,False,False
RWA-0bd39cff2e3a8868,musanze_city,2,False,False
RWA-0bf906b317a96bd4,musanze_city,2,False,False
RWA-0c016392b580ae22,musanze_city,1,False,False
RWA-0c47853f87e4b1c9,musanze_city,0,False,False
RWA-0c521056884d5f64,musanze_city,2,False,False
RWA-0c82bf7537f46fb8,musanze_city,0,False,False
RWA-0c8718fe9681e8a1,musanze_city,1,False,False
RWA-0cafa1fad7b7e0e1,musanze_city,0,False,False
RWA-0cc77373614acc2d,musanze_city,2,True,False
RWA-0cd17b3d31840776,musanze_city,0,False,False
RWA-0cd26b9b5477bff4,musanze_city,0,True,False
RWA-0cebec8638fd410c,musanze_city,0,False,False
RWA-0d16e5eb5677515b,musanze_city,1,False,False
RWA-0d4d5ef36ce527a3,musanze_city,2,False,False
RWA-0d59831a217a7d6b,musanze_city,2,True,False
RWA-0d81bec4cbd34962,musanze_city,0,False,False
RWA-0d991ea802883a96,musanze_city,2,False,False
RWA-0d9f03408903078f,musanze_city,1,False,False
RWA-0dde4e6fa5f55ad2,musanze_city,0,False,False
RWA-0dedc7e3504f8672,musanze_city,1,False,False
RWA-0e56dd63139a1ad8,musanze_city,0,False,False
RWA-0eb474e62de986e4,musanze_city,0,False,False
RWA-0edfc3a3b5fa9fa6,musanze_city,0,True,False
RWA-0f3d4fe4205b4133,musanze_city,1,True,False
RWA-0f3ebda335de8c27,musanze_city,1,False,False
RWA-0fc8515f853211a4,musanze_city,2,False,False
RWA-0ff05a4eb949e29e,musanze_city,1,True,False
RWA-0ffbc1ec285908f6,musanze_city,2,True,True
RWA-10041f6c87561917,musanze_city,2,False,False
RWA-100993c1e6f38367,musanze_city,1,False,False
RWA-100fac198b0e1554,musanze_city,2,False,False
RWA-1032f2377f15c112,musanze_city,2,False,False
RWA-1065830c0e7fa54d,musanze_city,2,True,False
RWA-106a017063ace3dc,musanze_city,1,True,False
RWA-108c1002d38a5873,musanze_city,0,False,False
RWA-10cf9d3a00faefca,musanze_city,0,False,False
RWA-11180840ac4137a4,musanze_city,2,False,False
RWA-111dc606a0d1944c,musanze_city,1,True,False
RWA-113a58f951251816,musanze_city,2,False,False
RWA-1153b6d78e073485,musanze_city,1,True,False
RWA-11540467a4552508,musanze_city,1,True,False
RWA-118978d27fe28edb,musanze_city,0,True,False
RWA-129d9c0a3e92c652,musanze_city,0,False,True
RWA-12c1670260ad4cdd,musanze_city,2,True,False
RWA-12c1ce1b0a586252,musanze_city,1,False,False
RWA-12c570da94498463,musanze_city,2,False,False
RWA-12d79c2b965ae358,musanze_city,1,True,False
RWA-12dd77df22c099db,musanze_city,0,False,False
RWA-12fc0a7a5a64bc74,musanze_city,0,False,False
RWA-131b948af6b8f5e9,musanze_city,1,False,False
RWA-135c98b97928f506,musanze_city,2,False,False
RWA-137c68fa32f2d557,musanze_city,0,False,False
RWA-13c01cfdfae5ca2e,musanze_city,1,False,False
RWA-13d2ddadaa6bba31,musanze_city,2,False,False
RWA-13eeb56400d5a0f7,musanze_city,1,True,False
RWA-13fcc4916c6ce03f,musanze_city,2,False,False
RWA-1427240e3ea66835,musanze_city,0,False,False
RWA-145da992a755ad5b,musanze_city,2,True,False
RWA-145e02cb0ff01776,musanze_city,1,True,False
RWA-147be066437eb808,musanze_city,2,False,False
RWA-14a41e5f6d831c2b,musanze_city,1,False,False
RWA-14c9fa6305df02d8,musanze_city,1,False,False
RWA-14e3eb1a9bbaeeee,musanze_city,2,False,False
RWA-1516db556bd1e24f,musanze_city,1,False,False
RWA-15214c6ff7d3d288,musanze_city,1,True,False
RWA-15b4c69f6117af96,musanze_city,0,False,False
RWA-1613ed9376f23d9f,musanze_city,0,True,False
RWA-162f2ac97a159736,musanze_city,2,False,False
RWA-1633b9a1cc8f40c8,musanze_city,2,True,False
RWA-1688e499992804e7,musanze_city,1,True,False
RWA-168e62b26e6906fd,musanze_city,2,False,False
RWA-169b5bee0ca58770,musanze_city,1,False,False
RWA-16ae475b94cb3e7d,musanze_city,1,False,False
RWA-16c83c8bcdcccf9b,musanze_city,0,False,False
RWA-16e958d69ef95677,musanze_city,1,False,False
RWA-16fb3adfe0b0f58b,musanze_city,0,True,False
RWA-17865411b53f7382,musanze_city,2,False,True
RWA-179370f4804d1cb8,musanze_city,2,True,False
RWA-17c8178c8f41ee1f,musanze_city,1,False,False
RWA-17d1e2df5a1241e0,musanze_city,2,False,False
RWA-17d83870d6bd24d3,musanze_city,2,False,False
RWA-17f737cbd8dcd766,musanze_city,1,False,False
RWA-17f9adc125ee1390,musanze_city,2,False,False
RWA-1802f6f5337ffe6e,musanze_city,0,False,True
RWA-1815e73b9020f4dd,musanze_city,1,False,False
RWA-186cd4ddeb04ceca,musanze_city,2,False,False
RWA-1885bf1244783773,musanze_city,2,False,False
RWA-18d0580ec9cbc9f0,musanze_city,2,False,False
RWA-18e989475f7e9975,musanze_city,0,False,False
RWA-191beba9bc130f1b,musanze_city,0,True,False
RWA-194acc88564795a3,musanze_city,1,False,False
RWA-195b194b698b250f,musanze_city,2,True,True
RWA-195e5c2a77f50a09,musanze_city,0,False,False
RWA-197cc27d9cb6a90e,musanze_city,1,False,False
RWA-19afd6941e711bb2,musanze_city,1,True,False
RWA-19bd5a59ef01316a,musanze_city,2,False,False
RWA-1a08c667a0218856,musanze_city,2,False,False
RWA-1a3d3cbfda0ab7c8,musanze_city,2,True,False
RWA-1a7f95e513a0bbfe,musanze_city,1,False,False
RWA-1abb8fb65565fa04,musanze_city,2,False,False
RWA-1ae8041fb97002b0,musanze_city,0,True,False
RWA-1b596ddd1fcb1977,musanze_city,2,False,False
RWA-1b874b20e2c00e96,musanze_city,1,False,False
RWA-1bb0a20b03222c07,musanze_city,0,False,False
RWA-1bb79ccebe7ab357,musanze_city,1,True,False
RWA-1c375fba8e53b9f5,musanze_city,1,False,False
RWA-1c442dc9215d7477,musanze_city,2,True,False
RWA-1c49993157a1f8f6,musanze_city,2,False,True
RWA-1c4b1f084fd05caf,musanze_city,0,False,False
RWA-1c60182fa03978d1,musanze_city,2,False,False
RWA-1c779b2b98aa000f,musanze_city,2,True,False
RWA-1caf6520995073d0,musanze_city,2,False,False
RWA-1cf925491f9c02a8,musanze_city,1,False,False
RWA-1d84b2340ccb3451,musanze_city,0,True,False
RWA-1d8a5d9d4754760b,musanze_city,2,False,False
RWA-1da22f200b4cf3db,musanze_city,2,False,True
RWA-1de3ca596ef0f30d,musanze_city,0,False,True
RWA-1de4e2f4bbfbcd0c,musanze_city,2,False,False
RWA-1e06febd4ab0046c,musanze_city,2,False,False
RWA-1e62207b7759d672,musanze_city,1,False,True
RWA-1ee370f66c87f0ac,musanze_city,2,False,False
RWA-1f30eefdb0a024d7,musanze_city,2,False,False
RWA-1f43c91b52778898,musanze_city,2,True,False
RWA-1f8bc77050366e27,musanze_city,1,False,True
RWA-1fb292b360016ee9,musanze_city,2,False,False
RWA-1fcb5e75779c32f2,musanze_city,0,False,False
RWA-1ff8515a7df45215,musanze_city,1,False,False
RWA-203b0e0ed2fe2e0e,musanze_city,1,False,False
RWA-206e85b1fedf31d0,musanze_city,2,False,False
RWA-20af1293deda85df,musanze_city,2,False,False
RWA-20bae0a7de59cd7d,musanze_city,0,False,False
RWA-20dea87fdfab354a,musanze_city,2,True,False
RWA-20f30163ce5ab8f1,musanze_city,2,False,False
RWA-215f2cf55037b688,musanze_city,0,False,False
RWA-2178dda5c1ae1345,musanze_city,2,True,False
RWA-21af085021320445,musanze_city,2,False,False
RWA-21cf52d10f3ef693,musanze_city,1,False,False
RWA-2202ecc05205f741,musanze_city,1,False,False
RWA-221c9fcb2169c5d6,musanze_city,1,True,False
RWA-22c46d5fe1b7e942,musanze_city,0,False,False
RWA-22d636f2658c1a90,musanze_city,2,False,False
RWA-22da50dc2050fc05,musanze_city,0,False,False
RWA-2305654acb691105,musanze_city,0,False,True
RWA-234d014766b6cd0b,musanze_city,1,True,False
RWA-2363cded70c8b755,musanze_city,0,False,False
RWA-23ac011566d6ea47,musanze_city,1,False,False
RWA-23f007877aa21ddf,musanze_city,1,False,True
RWA-23fd2697ef8e05b4,musanze_city,2,False,False
RWA-240bb3a33dbe328f,musanze_city,0,False,False
RWA-240bd601e8c16447,musanze_city,2,True,False
RWA-245c4c9d979f342f,musanze_city,1,False,False
RWA-24f29c2579471e1d,musanze_city,2,False,False
RWA-253c52806780e3df,musanze_city,1,True,False
RWA-25755820d0fd033d,musanze_city,2,False,False
RWA-258725fe06d12c3f,musanze_city,1,False,False
RWA-25bbe1ecc0c224be,musanze_city,1,False,False
RWA-25c76a3ebe2e4c44,musanze_city,0,False,False
RWA-25c92c492769d597,musanze_city,1,False,True
RWA-26249540f600559e,musanze_city,2,False,False
RWA-266b0f821c8563b8,musanze_city,2,False,False
RWA-267776032ec2a307,musanze_city,0,False,True
RWA-268166fe8989c05b,musanze_city,1,False,False
RWA-26942b510dc29a01,musanze_city,2,False,False
RWA-26d21ce63fdc2a2d,musanze_city,0,True,False
RWA-26d493190c835949,musanze_city,2,True,False
RWA-26fa52beb51cc990,musanze_city,0,False,False
RWA-270e34d9e7658263,musanze_city,1,True,True
RWA-276540f77bb7cb34,musanze_city,1,True,False
RWA-2789fb76d7b0c465,musanze_city,1,False,False
RWA-279838f3267875ee,musanze_city,2,True,False
RWA-2798e43d7a8592f9,musanze_city,1,False,False
RWA-27a583a351fc5724,musanze_city,0,False,False
RWA-27f97b694279374f,musanze_city,1,False,False
RWA-28477eef1ba6c32b,musanze_city,2,False,True
RWA-28b36fd3aa47cf90,musanze_city,1,False,False
RWA-28cb0b471c7d1557,musanze_city,1,True,False
RWA-28ec0335659ab0d5,musanze_city,0,False,False
RWA-28f875cff0a35ca8,musanze_city,0,True,False
RWA-28fad65dd40a5923,musanze_city,1,False,True
RWA-290ad496d571505b,musanze_city,1,False,False
RWA-292e3aa48ac3922e,musanze_city,2,False,False
RWA-2962a3e4983f11ce,musanze_city,1,False,False
RWA-2966c4b3ff759647,musanze_city,0,True,False
RWA-299061848552698f,musanze_city,2,False,False
RWA-29a3753a8c315e69,musanze_city,0,False,False
RWA-29d90ac61d5a728a,musanze_city,1,False,False
RWA-29e09be8b41196d3,musanze_city,1,False,False
RWA-29e91b0ff19e8627,musanze_city,1,True,False
RWA-2a12be5d6335b274,musanze_city,0,True,True
RWA-2a15043b094235a1,musanze_city,1,True,False
RWA-2a680350c184840a,musanze_city,1,False,False
RWA-2a8167397c643f56,musanze_city,1,False,False
RWA-2a954c8f55c95132,musanze_city,0,False,False
RWA-2ad06eefdaadb2cd,musanze_city,0,False,False
RWA-2ad2787cca14c49f,musanze_city,2,True,False
RWA-2af4fee8f80718af,musanze_city,2,True,True
RWA-2b099164b9e38e95,musanze_city,0,False,False
RWA-2b1d1687d4c6e5b0,musanze_city,2,True,False
RWA-2b7e83a82e85a18d,musanze_city,0,False,False
RWA-2bb58cde04a06f09,musanze_city,0,False,False
RWA-2c0e379a3e74c0a9,musanze_city,2,True,False
RWA-2c4128090c7664cd,musanze_city,2,False,True
RWA-2c98ad359919b8fa,musanze_city,0,False,False
RWA-2d5c43e033d6b640,musanze_city,2,False,False
RWA-2d669e09341b2ba3,musanze_city,1,False,False
RWA-2dda00947f9fd58c,musanze_city,0,False,True
RWA-2deb5a2defbc3d0b,musanze_city,0,False,False
RWA-2e0ee452c9ddcacc,musanze_city,0,True,False
RWA-2e1b4984acd545f0,musanze_city,0,False,False
RWA-2e22a54d151f8e1d,musanze_city,0,False,False
RWA-2e87b1921aa3540b,musanze_city,0,False,False
RWA-2ed3c6df1b4cc602,musanze_city,0,False,False
RWA-2ee14ba72354ab47,musanze_city,2,False,False
RWA-2f3edc34dfc6a0cf,musanze_city,0,False,False
RWA-2f5e6cfe10620673,musanze_city,1,True,False
RWA-2f71eb8a677f6979,musanze_city,2,False,False
RWA-2f7380d928ccc479,musanze_city,0,False,False
RWA-2f74eba903c0f2b9,musanze_city,1,False,False
RWA-2f86c0f6278337cd,musanze_city,2,False,False
RWA-2fa59baf87e97da9,musanze_city,0,False,False
RWA-2fae9b5aa07e587b,musanze_city,2,False,False
RWA-2fca2c63d74b476a,musanze_city,2,False,False
RWA-302cb27999431a89,musanze_city,2,False,False
RWA-30497967895afac4,musanze_city,1,False,False
RWA-309085ac9980958f,musanze_city,2,True,False
RWA-31082d20ddf21e69,musanze_city,1,False,False
RWA-31624b9951805461,musanze_city,0,True,False
RWA-316cc9e9bf9fcf27,musanze_city,0,False,False
RWA-317042b0bdcf0349,musanze_city,0,False,False
RWA-3233dc3546395ca7,musanze_city,1,False,False
RWA-32688cbbccf65592,musanze_city,1,False,False
RWA-326ae2196d38b6b5,musanze_city,2,True,False
RWA-326c9241ccb1de97,musanze_city,2,False,False
RWA-326f0a71d8db0d54,musanze_city,1,False,False
RWA-3286bc3aa5e6fbf2,musanze_city,2,False,False
RWA-32c3376b9ffeb64b,musanze_city,2,False,False
RWA-32e8384890a14a20,musanze_city,1,False,True
RWA-333438a99a1abf6d,musanze_city,1,False,False
RWA-339887c4c6ad6e9a,musanze_city,2,False,False
RWA-33d38dd7eb5daa97,musanze_city,0,False,False
RWA-33dffaf0ed2bfe2d,musanze_city,1,False,False
RWA-341904f6f7a55c56,musanze_city,2,False,False
RWA-3435e85484bbedd7,musanze_city,0,False,False
RWA-345e150628da8105,musanze_city,1,True,False
RWA-3524a2a81919ea37,musanze_city,1,False,False
RWA-3572c02b7b688156,musanze_city,0,False,False
RWA-358bbeb9a57bc3a2,musanze_city,2,False,False
RWA-3597f5acff258664,musanze_city,1,False,False
RWA-360d516eeabaec47,musanze_city,2,True,False
RWA-36106576e0ca04f2,musanze_city,1,False,False
RWA-367e71ba03c41113,musanze_city,1,False,True
RWA-368bf48b6355b7a0,musanze_city,0,False,False
RWA-369ae198a2a2b0ba,musanze_city,0,False,False
RWA-36ad50c396e0f23d,musanze_city,0,False,False
RWA-36bbb506fa70168a,musanze_city,0,False,False
RWA-36c5eaf81c507a04,musanze_city,1,False,False
RWA-3702ca986c499eff,musanze_city,1,False,False
RWA-3712b97c737ce535,musanze_city,1,False,False
RWA-372d26e1cdaa470e,musanze_city,2,False,False
RWA-37581e1775663b0e,musanze_city,2,False,False
RWA-37ca836e6dc4f305,musanze_city,2,False,False
RWA-37cc21958cee3d24,musanze_city,0,True,False
RWA-381a689e14471753,musanze_city,2,False,False
RWA-3853c5da47301fc8,musanze_city,1,True,False
RWA-3865ab173de862a0,musanze_city,1,False,False
RWA-3883de6ee1f4419c,musanze_city,0,False,False
RWA-38966bcdeaef4409,musanze_city,2,True,False
RWA-38994a7858e8bf39,musanze_city,2,False,False
RWA-38a215bbc985fd66,musanze_city,2,True,False
RWA-38a4e88ec5ba736c,musanze_city,2,False,False
RWA-38c924a7a875d365,musanze_city,0,True,False
RWA-38fdc0d465af4958,musanze_city,1,False,False
RWA-391d9d2cb4dbace1,musanze_city,1,True,False
RWA-392a615869882772,musanze_city,1,False,False
RWA-393928e87e700ef3,musanze_city,0,True,False
RWA-39443022e6faa3b0,musanze_city,2,False,False
RWA-3949efe89b9e160a,musanze_city,0,False,False
RWA-395cd684401416ef,musanze_city,0,True,False
RWA-39b574a7cf378e5f,musanze_city,2,True,False
RWA-39bdd0896df8a8e6,musanze_city,2,False,False
RWA-39fb74e377a76e43,musanze_city,2,False,False
RWA-3a53a2ded975b960,musanze_city,1,False,False
RWA-3a761c8d5c061e33,musanze_city,0,False,False
RWA-3a7f79184002a4a7,musanze_city,1,False,False
RWA-3a8fd5f6fdbe45ba,musanze_city,0,False,False
RWA-3ac7391e5ce8580f,musanze_city,1,False,False
RWA-3b226f5f17769485,musanze_city,0,False,False
RWA-3b6c296b0670a275,musanze_city,2,True,False
RWA-3badb066b2004f4f,musanze_city,0,False,False
RWA-3bb00123b40a5c71,musanze_city,1,False,False
RWA-3bc4be00fb7b22a6,musanze_city,2,True,False
RWA-3be8fe8d9962a3c2,musanze_city,2,False,False
RWA-3bf9d8e7c63e2ead,musanze_city,1,True,False
RWA-3bfb349dc141c15d,musanze_city,0,False,False
RWA-3c3210b658588cb7,musanze_city,0,False,False
RWA-3c37f98ce2c50ecf,musanze_city,1,False,False
RWA-3c389829a516ab0f,musanze_city,0,True,False
RWA-3c4734762459e113,musanze_city,2,False,False
RWA-3c9a40315026f197,musanze_city,1,False,False
RWA-3cc9c43c9fb9cf50,musanze_city,0,False,False
RWA-3ce93b5519a10f43,musanze_city,0,False,False
RWA-3d19793c9aaf18e1,musanze_city,1,False,False
RWA-3d5150cfe2c44cf0,musanze_city,2,False,False
RWA-3d7d83ea78ed99fd,musanze_city,0,True,False
RWA-3d7dfbc724f9779e,musanze_city,2,True,False
RWA-3d917259c2fe98c7,musanze_city,0,False,False
RWA-3e614f4247a27c0f,musanze_city,0,False,False
RWA-3e9c7b5c70c7b13f,musanze_city,1,False,False
RWA-3e9ff2471d973c63,musanze_city,0,False,False
RWA-3ebd40f038edf407,musanze_city,0,False,False
RWA-3ed97f27b671acb1,musanze_city,1,False,False
RWA-3efe3baa3fd6e78c,musanze_city,1,False,True
RWA-3f14f7baac59c379,musanze_city,2,False,False
RWA-3f266cc3f8795de6,musanze_city,0,False,False
RWA-3fa8c48c5377b762,musanze_city,2,True,False
RWA-400bb28fa59c0790,musanze_city,2,False,False
RWA-402c1b2d17db6b50,musanze_city,1,False,False
RWA-40579884f013e8e5,musanze_city,1,False,False
RWA-40660d79c6a9599f,musanze_city,1,True,False
RWA-409f4f41f8d9efd0,musanze_city,0,False,False
RWA-40b64f9552088023,musanze_city,2,False,False
RWA-40caa9ed7b37f0cb,musanze_city,0,False,False
RWA-40d240aec1a87322,musanze_city,2,True,False
RWA-41d2538be672fea1,musanze_city,2,False,False
RWA-41f17cf0c53bf0ec,musanze_city,0,False,False
RWA-41fe609b5d8d6dbd,musanze_city,0,False,False
RWA-426d82f711a012f8,musanze_city,1,False,False
RWA-4294d697df951731,musanze_city,0,False,False
RWA-42b66bbc333c5538,musanze_city,2,False,False
RWA-42e8475fa3ecb7b4,musanze_city,2,True,False
RWA-4373370cbf801999,musanze_city,0,True,False
RWA-43882d80d6478394,musanze_city,1,False,False
RWA-43aede1c05901765,musanze_city,0,False,False
RWA-43b14d029addfcb3,musanze_city,1,False,False
RWA-43e550a32f126f1f,musanze_city,1,False,False
RWA-4415c696d65371ac,musanze_city,1,False,False
RWA-44493d09f4b32046,musanze_city,1,False,True
RWA-44c2e39f9b335284,musanze_city,1,True,False
RWA-44e7ecfc2185cc96,musanze_city,1,False,False
RWA-4554b9a743438e96,musanze_city,2,True,False
RWA-45b06c6f287cd0d9,musanze_city,0,False,False
RWA-462918a1385857e7,musanze_city,1,False,False
RWA-4646834ce3892532,musanze_city,1,False,False
RWA-4657d00838d0dbf5,musanze_city,0,False,False
RWA-46785258a5fea721,musanze_city,0,False,False
RWA-46a0cefa35c3e648,musanze_city,0,False,False
RWA-46bf95ff2d3b06b2,musanze_city,1,False,False
RWA-46c0f2c13188426b,musanze_city,2,False,False
RWA-472da29c977c99f8,musanze_city,0,False,False
RWA-4759dbe6d42ca3ed,musanze_city,2,True,False
RWA-47701f4eb0fefd34,musanze_city,0,False,False
RWA-478dd67d1b83a9a5,musanze_city,1,False,False
RWA-47d6b4eb52f20bd0,musanze_city,0,False,False
RWA-47e25057ffbaeb7a,musanze_city,1,False,False
RWA-47ec46a7a79252f2,musanze_city,1,False,False
RWA-47f25931f8d61bf2,musanze_city,0,False,False
RWA-480a0d1883d1f416,musanze_city,2,False,False
RWA-480de3d736b01b3c,musanze_city,0,False,False
RWA-4812af29c7a7e0f2,musanze_city,2,False,False
RWA-481de2973739eed2,musanze_city,0,True,False
RWA-4822f6e11ec959fa,musanze_city,0,False,False
RWA-488e4c8569d90e47,musanze_city,1,False,False
RWA-48c916895d34ce83,musanze_city,1,True,False
RWA-48d83b75a241f4b4,musanze_city,2,False,False
RWA-48ed4ceb0d8ee696,musanze_city,1,False,False
RWA-48f2563fac386dd0,musanze_city,2,False,False
RWA-4997fe25ca4970f6,musanze_city,1,False,False
RWA-49a51126b1515be5,musanze_city,2,False,False
RWA-49a81392bec25cb6,musanze_city,0,False,True
RWA-49b2b7e76cfedd40,musanze_city,2,False,False
RWA-49c2e76d4404faf0,musanze_city,2,False,False
RWA-49c926e3154ac88b,musanze_city,2,False,True
RWA-49cd4c541aca898b,musanze_city,2,False,False
RWA-49f597b8be240818,musanze_city,0,False,False
RWA-49fe2bc58580ee3b,musanze_city,0,True,False
RWA-4a2e63146f4fbb4a,musanze_city,2,False,False
RWA-4a731d0af272f723,musanze_city,2,False,False
RWA-4a8abda516884c16,musanze_city,1,False,False
RWA-4aef689c2c72fcbe,musanze_city,2,True,False
RWA-4b002e4257e1c344,musanze_city,0,False,False
RWA-4b0a53a1db75b01c,musanze_city,0,False,False
RWA-4b25b6f4a92782fc,musanze_city,1,False,False
RWA-4b3e3293067dcb88,musanze_city,2,False,False
RWA-4b4d3992a06acc7c,musanze_city,1,False,False
RWA-4b50fee90da20440,musanze_city,0,False,False
RWA-4b64f97c2c24462d,musanze_city,0,False,False
RWA-4b6c37d43779e01f,musanze_city,0,False,False
RWA-4b8f0bfdc3ab424c,musanze_city,1,False,False
RWA-4ba168491898a48b,musanze_city,1,True,False
RWA-4bce947a508821f2,musanze_city,1,False,False
RWA-4be2371fe946a1d5,musanze_city,2,False,False
RWA-4c005e3c82d101e2,musanze_city,1,False,False
RWA-4c01814990b3797f,musanze_city,2,False,False
RWA-4c26eefb369c7445,musanze_city,0,False,False
RWA-4c5b36f3d460b75e,musanze_city,1,True,False
RWA-4c7d0e040d6791f9,musanze_city,1,True,False
RWA-4c92624c09d6ed5f,musanze_city,1,False,False
RWA-4cbc9f5ba87467e5,musanze_city,2,True,False
RWA-4de487eff36a76f3,musanze_city,1,False,False
RWA-4e33f8b75ee4e817,musanze_city,0,False,False
RWA-4e43d72fc2c0955c,musanze_city,2,False,False
RWA-4e53f7b38b67e9c7,musanze_city,0,False,False
RWA-4e6869dbff2c73d8,musanze_city,1,True,False
RWA-4eafda2aec1c9f6e,musanze_city,1,False,False
RWA-4ede98cdf18b420b,musanze_city,2,False,False
RWA-4f0bbf78b9e7ccba,musanze_city,1,False,False
RWA-4f71a95eacd79526,musanze_city,1,False,False
RWA-500d8439de0c7ecc,musanze_city,0,False,False
RWA-501e3cfc847925f7,musanze_city,1,False,False
RWA-5048a63017e7d974,musanze_city,1,True,False
RWA-507e1074b771b77e,musanze_city,1,False,False
RWA-50e2c2ba8cef0b8b,musanze_city,0,False,False
RWA-50f103e3c193bc6b,musanze_city,2,False,True
RWA-50f7a010fe3d48b8,musanze_city,0,False,True
RWA-517803340d01ebea,musanze_city,2,False,False
RWA-51942cb6d5b7e2cc,musanze_city,2,True,False
RWA-51d88bab794a7c92,musanze_city,2,True,False
RWA-5220bbfa439b8277,musanze_city,1,False,False
RWA-526f2352d55b7f11,musanze_city,1,False,False
RWA-529103a1bb42c3e3,musanze_city,1,False,False
RWA-5308f61f0f9cbdd1,musanze_city,2,False,False
RWA-530b64faab3ddbb1,musanze_city,0,False,False
RWA-531d54fe3de39413,musanze_city,0,False,False
RWA-5336b1007654ea3f,musanze_city,1,False,False
RWA-5372e12094e7bc36,musanze_city,0,False,False
RWA-53793cc8613e79d9,musanze_city,0,True,True
RWA-53a0c04c2fe9c2ca,musanze_city,1,False,False
RWA-53d463f0b0dfb181,musanze_city,2,False,False
RWA-5401805b1c4bd903,musanze_city,1,False,False
RWA-542405047e61e633,musanze_city,0,False,False
RWA-5450506d4183d16b,musanze_city,0,False,False
RWA-545271d8763bf7f4,musanze_city,1,True,False
RWA-54999de90be5b04f,musanze_city,1,False,False
RWA-54bbbf54d4b37e7f,musanze_city,2,False,False
RWA-54ce3267d6adf594,musanze_city,1,True,False
RWA-551dcba1512f5d06,musanze_city,0,False,False
RWA-55234dd472f74a24,musanze_city,2,False,True
RWA-554eb61e72941181,musanze_city,2,False,False
RWA-55799e3695cf8da4,musanze_city,1,True,False
RWA-55a000c47c3c5e60,musanze_city,1,False,False
RWA-55b32501d7c96570,musanze_city,1,False,False
RWA-55c4e774b2d5755c,musanze_city,2,False,False
RWA-55cf6e73c29d1e7e,musanze_city,0,True,False
RWA-55f7e8ffb0fbcddd,musanze_city,2,True,False
RWA-55fb98fe96f44aef,musanze_city,1,False,False
RWA-56078a2c5a869936,musanze_city,2,False,False
RWA-56089416538d482e,musanze_city,0,False,False
RWA-561898315fdd83c3,musanze_city,1,True,False
RWA-562734d369e9582d,musanze_city,2,False,False
RWA-5672c668e2af8d83,musanze_city,1,True,False
RWA-569a2c31ed618733,musanze_city,0,False,False
RWA-56a7904e91801b52,musanze_city,2,False,False
RWA-56c34fa9560d84ac,musanze_city,1,False,False
RWA-56d74c1c835597c4,musanze_city,2,False,False
RWA-57010f67a1c7e5eb,musanze_city,1,False,False
RWA-5705cea702d3cbc6,musanze_city,2,False,False
RWA-5718f810ccec65f0,musanze_city,1,False,False
RWA-57306b2241014e7c,musanze_city,0,False,False
RWA-5742a7e70400d721,musanze_city,2,False,True
RWA-5776ee7f065071fc,musanze_city,2,False,False
RWA-57d54790d75d5a9d,musanze_city,2,False,False
RWA-57f1e4f9179b21a9,musanze_city,0,False,False
RWA-57f2caf17dd68110,musanze_city,0,False,False
RWA-5818feca97bace86,musanze_city,1,False,False
RWA-583459c5cf9ae5bb,musanze_city,1,True,False
RWA-5850ddfc8a2cf743,musanze_city,1,False,False
RWA-585480f5b4efd0e8,musanze_city,2,False,False
RWA-585e44f0f8651097,musanze_city,2,False,False
RWA-58786805cbbbb7b3,musanze_city,2,False,True
RWA-58aa53a431ab29f9,musanze_city,1,False,False
RWA-58b24ebb5d309634,musanze_city,2,False,False
RWA-58db5e8791af2e42,musanze_city,0,False,False
RWA-58e29dd725563b38,musanze_city,2,False,False
RWA-58fa2cf5439ae7c9,musanze_city,0,False,False
RWA-5919fbcd6d714f8f,musanze_city,2,True,True
RWA-5944e8fbf1acc4e3,musanze_city,0,False,False
RWA-596cc0ab375c01b7,musanze_city,1,False,False
RWA-598da523d86bdbce,musanze_city,0,False,False
RWA-59fb7e4b7118a39d,musanze_city,2,True,False
RWA-5a3f23e5a36aec4d,musanze_city,0,False,False
RWA-5ae012f51693646f,musanze_city,1,True,False
RWA-5b2824b52add45a0,musanze_city,2,False,False
RWA-5b32055e1466a160,musanze_city,0,False,False
RWA-5b72222a1700c4c0,musanze_city,2,True,False
RWA-5b7b92e07ead68a9,musanze_city,0,False,False
RWA-5c3bd8beec136402,musanze_city,2,False,False
RWA-5c710b4f1f26b381,musanze_city,0,False,False
RWA-5c711e15e9a7e3e2,musanze_city,0,False,False
RWA-5c8005f817459f40,musanze_city,0,True,False
RWA-5d08a07df0f03f76,musanze_city,1,False,False
RWA-5d31d5121833aa76,musanze_city,0,True,False
RWA-5d5dd1f5fc6d2e09,musanze_city,1,False,False
RWA-5d760a2588e84f7a,musanze_city,1,False,True
RWA-5d949599cc6dd7f0,musanze_city,0,False,True
RWA-5d9f658970a20766,musanze_city,0,False,False
RWA-5dd4f81ef4e025c3,musanze_city,2,True,False
RWA-5dd511621d53351d,musanze_city,1,False,False
RWA-5dfac8ea6bd6f338,musanze_city,1,False,False
RWA-5e05421c690568ce,musanze_city,0,False,False
RWA-5e057c70f4f9d065,musanze_city,0,False,False
RWA-5e2cc3f564447754,musanze_city,1,False,False
RWA-5e82bf87c55a818c,musanze_city,1,True,False
RWA-5e924b357c9aa09d,musanze_city,0,False,False
RWA-5e9530250401aceb,musanze_city,0,False,False
RWA-5ea389a58299e7d3,musanze_city,2,False,False
RWA-5eca0c7a318c2190,musanze_city,0,False,False
RWA-5edf7437970b2286,musanze_city,1,False,True
RWA-5f23abd081a75c82,musanze_city,1,True,False
RWA-5f27bbc154397be2,musanze_city,0,False,False
RWA-5f406102bfa9b84b,musanze_city,1,False,False
RWA-604744a17d0cb217,musanze_city,1,False,False
RWA-606341bbee625b5f,musanze_city,2,False,False
RWA-607dd7bfeaa2928a,musanze_city,2,False,False
RWA-60b942d7f88035a5,musanze_city,0,True,True
RWA-60cf858347a0e1d0,musanze_city,2,False,False
RWA-60e58284041e2b28,musanze_city,2,True,False
RWA-60f2a5163a975853,musanze_city,2,False,False
RWA-616b2e6d57797447,musanze_city,0,True,False
RWA-61a636bc33a794d6,musanze_city,2,False,False
RWA-61f49ae6c19cea3c,musanze_city,0,True,False
RWA-61f4a8e44f970eab,musanze_city,1,False,False
RWA-6234b9df1cf30b57,musanze_city,2,True,False
RWA-62523ffca9d2cb3f,musanze_city,1,False,False
RWA-62828e17cd1cd067,musanze_city,1,False,False
RWA-629f35a47ae04b36,musanze_city,2,False,False
RWA-62c429838aed0194,musanze_city,1,False,True
RWA-630cde63cf765e2c,musanze_city,1,False,False
RWA-632d4013ea906e34,musanze_city,1,True,False
RWA-63690bcef3becd97,musanze_city,1,False,False
RWA-63780f5dc3abf360,musanze_city,2,False,False
RWA-63838e3cfa844ab5,musanze_city,2,False,True
RWA-63c80dc8148c0104,musanze_city,2,False,False
RWA-6430b86c1defe433,musanze_city,0,True,False
RWA-644b89946f05890c,musanze_city,0,True,False
RWA-64a12702a6899f72,musanze_city,1,False,False
RWA-64bd191dc2d772aa,musanze_city,2,False,False
RWA-650975d45b002e03,musanze_city,1,True,False
RWA-652b8abf18535baa,musanze_city,1,False,True
RWA-6598f9457a850e5e,musanze_city,0,False,False
RWA-659a83ba57ca7744,musanze_city,1,False,False
RWA-65e435c2d0e5ac3a,musanze_city,1,False,False
RWA-65f6ac4f45049eac,musanze_city,2,False,False
RWA-65fd3aa4ed2f963a,musanze_city,2,False,False
RWA-66d2cdf2d3ab4728,musanze_city,0,False,False
RWA-66d83644197f4aed,musanze_city,0,False,False
RWA-66e1d5465eaef039,musanze_city,1,False,False
RWA-6724855cce528d68,musanze_city,0,False,False
RWA-675acc6fa8c4736b,musanze_city,0,False,False
RWA-675eadf81bed45c7,musanze_city,2,False,False
RWA-6777e96fa97982b2,musanze_city,1,False,False
RWA-683c86cf527c5d58,musanze_city,2,False,False
RWA-6856bfc14a68afc8,musanze_city,2,True,False
RWA-686ecc7652d770e8,musanze_city,0,True,False
RWA-6873caaf3b9f4832,musanze_city,0,True,False
RWA-6882c380021a999a,musanze_city,0,False,False
RWA-68c902bac5ba051c,musanze_city,2,False,False
RWA-68de663efc90a1cb,musanze_city,2,False,False
RWA-68eb3d949f5d9e26,musanze_city,1,False,False
RWA-6924d4e1e827f5cb,musanze_city,1,False,False
RWA-692fdfd3f05bb5ae,musanze_city,1,False,False
RWA-693157901a2b2093,musanze_city,1,True,True
RWA-693fc3bd9f492f07,musanze_city,1,False,False
RWA-697803e820a2ca4d,musanze_city,0,True,False
RWA-698980c50c994c94,musanze_city,0,False,False
RWA-69c2a75af6ea814f,musanze_city,0,False,False
RWA-69f869ca8f4359e0,musanze_city,2,False,False
RWA-6a0a46d34524cb18,musanze_city,1,True,False
RWA-6a60f834152264b4,musanze_city,0,False,False
RWA-6a67144144cf6736,musanze_city,2,False,True
RWA-6a8691546594f2f1,musanze_city,2,False,False
RWA-6aaf7c206e2ed5fe,musanze_city,0,False,False
RWA-6b04e142be9d64ab,musanze_city,0,False,False
RWA-6b131f196ecb1c7b,musanze_city,1,True,True
RWA-6b3e74498543a5b0,musanze_city,1,False,False
RWA-6b50f34e8855ea18,musanze_city,2,False,False
RWA-6bba91980de4692a,musanze_city,1,False,False
RWA-6bc8000bc09a3e8b,musanze_city,2,False,False
RWA-6bdce44494ba777c,musanze_city,1,False,False
RWA-6beb5d4126b40705,musanze_city,2,False,False
RWA-6c2dec27244d86fc,musanze_city,2,False,False
RWA-6c30eaf6a1cfe612,musanze_city,0,False,False
RWA-6c41811e6467a732,musanze_city,2,True,False
RWA-6c4f31c7b8c77e50,musanze_city,0,False,False
RWA-6c5dadc68c7830d7,musanze_city,1,False,False
RWA-6cc08ef237c22bca,musanze_city,1,False,False
RWA-6d06113f633acd48,musanze_city,0,True,False
RWA-6d1446169fc9c80c,musanze_city,1,False,False
RWA-6d1888f7e8293d22,musanze_city,2,True,False
RWA-6d1948745e39c67c,musanze_city,2,True,False
RWA-6dbc76ed5b78c2ce,musanze_city,2,False,False
RWA-6dcacc613a202808,musanze_city,2,True,False
RWA-6dcebaf303db4e9a,musanze_city,0,False,False
RWA-6e05c1cb67707a2b,musanze_city,0,False,False
RWA-6ea099208772ebfe,musanze_city,2,False,False
RWA-6ec498c968031777,musanze_city,0,False,False
RWA-6ef72233c3ec5d32,musanze_city,2,False,False
RWA-6f3a008c51c62c5d,musanze_city,2,True,False
RWA-6f411501496bf726,musanze_city,2,False,False
RWA-6f694f4d814ccd49,musanze_city,1,True,False
RWA-6f979a604a950d85,musanze_city,2,False,False
RWA-6fbc0677506f7c52,musanze_city,0,False,False
RWA-6fe03e228a359257,musanze_city,1,True,False
RWA-6fe238c562e9ab27,musanze_city,2,False,False
RWA-701d0e0c5ccb67d0,musanze_city,0,True,False
RWA-709cd42e24ee8898,musanze_city,0,False,False
RWA-70d329e7bd9cec4b,musanze_city,0,False,False
RWA-70f9614b66ee40ef,musanze_city,1,False,False
RWA-70ff67ccc1238cd7,musanze_city,2,False,False
RWA-7113ce86f80930d5,musanze_city,0,True,False
RWA-71b7af2966a84acf,musanze_city,0,False,False
RWA-71df739906b01695,musanze_city,0,False,False
RWA-71df7aaf717325f1,musanze_city,2,True,False
RWA-71e2a7d12675f20e,musanze_city,2,True,False
RWA-7216542cb84a208a,musanze_city,2,False,False
RWA-72970d61af0fa0e1,musanze_city,1,False,False
RWA-72d6ce5df7041a0a,musanze_city,2,False,False
RWA-7335e839bba54c0f,musanze_city,1,True,False
RWA-7346331f4da78af8,musanze_city,0,True,False
RWA-734a1ece1c524879,musanze_city,2,True,False
RWA-737d4ae1ae5608d2,musanze_city,0,False,False
RWA-73803c1e41dee9e1,musanze_city,2,False,False
RWA-738a6e07a1886d8b,musanze_city,2,True,False
RWA-73bb7ca34cb273b9,musanze_city,0,False,False
RWA-73c4f7a25fc46f4b,musanze_city,2,False,False
RWA-7429c959509fd46d,musanze_city,0,False,False
RWA-743422ff7b8be4db,musanze_city,1,False,False
RWA-749efb208bbdc99e,musanze_city,0,False,False
RWA-74a205a62c49e468,musanze_city,1,False,False
RWA-74f963500f7700fe,musanze_city,1,False,False
RWA-7518ba87f59af52c,musanze_city,1,False,False
RWA-75c6ff6a43d13a93,musanze_city,1,False,False
RWA-75c7ac47800d2410,musanze_city,1,False,False
RWA-75e9386e4e081906,musanze_city,2,False,False
RWA-7668b39ca1204d5e,musanze_city,2,True,False
RWA-769b1542ce1aa130,musanze_city,0,False,False
RWA-76c36325238ef4ac,musanze_city,2,True,False
RWA-76e4ebd24977a0ed,musanze_city,2,True,False
RWA-76e7831947f2d2ea,musanze_city,1,False,False
RWA-76e8c944e0f764d5,musanze_city,1,False,False
RWA-76ea346d06884e34,musanze_city,1,True,False
RWA-772f805df1c3c46e,musanze_city,1,False,False
RWA-7730d81f85cc3e4d,musanze_city,0,True,False
RWA-77623155f4c1b2eb,musanze_city,1,True,False
RWA-778547e274f5c8fb,musanze_city,0,False,False
RWA-778edb852f0ed584,musanze_city,2,False,True
RWA-77c0294555b7646b,musanze_city,0,True,False
RWA-77dfacd11543ef82,musanze_city,0,False,False
RWA-78183684021ed73c,musanze_city,2,False,False
RWA-78298d910d448df6,musanze_city,1,False,False
RWA-786f3641cded148a,musanze_city,0,False,True
RWA-789ccc2f75303670,musanze_city,0,False,False
RWA-78a16cf796a2bdf0,musanze_city,1,False,False
RWA-78c1de67a850345b,musanze_city,2,False,False
RWA-78e0500368edfee4,musanze_city,1,True,False
RWA-79140953f7b70c67,musanze_city,2,False,False
RWA-791e8bee0207faac,musanze_city,0,False,True
RWA-793eedaf468efc8c,musanze_city,2,False,False
RWA-794b60221f635a48,musanze_city,1,False,False
RWA-799fce180d399542,musanze_city,0,False,False
RWA-79a73afdb28268b6,musanze_city,0,False,False
RWA-79de85208b9f05f1,musanze_city,0,False,False
RWA-7a1e31ebd9be4065,musanze_city,0,False,False
RWA-7a51af4bc43e5109,musanze_city,1,False,False
RWA-7a59c0d5886b3281,musanze_city,2,True,False
RWA-7abaa1913c983abe,musanze_city,2,False,False
RWA-7acf664b72cddcda,musanze_city,1,False,False
RWA-7b6da8071f8766fb,musanze_city,0,False,False
RWA-7b72d94642e2f70c,musanze_city,0,False,False
RWA-7bb0c5dd64606ac7,musanze_city,2,False,False
RWA-7bc791b34cf19962,musanze_city,0,False,False
RWA-7c083597ee761762,musanze_city,1,True,True
RWA-7c474b1b30a69f8a,musanze_city,2,True,False
RWA-7c4ac90e323d1141,musanze_city,2,False,False
RWA-7c57f59b92892c7b,musanze_city,0,False,False
RWA-7c78e1d09d026636,musanze_city,2,False,False
RWA-7cb045bd79169109,musanze_city,0,False,True
RWA-7ccf35d1a4d1d78b,musanze_city,1,False,False
RWA-7cdd095554e40709,musanze_city,0,False,False
RWA-7ce4cb94acacdd81,musanze_city,2,True,False
RWA-7d31c018ffd44208,musanze_city,2,False,False
RWA-7d4043c6926c8d99,musanze_city,1,False,False
RWA-7dd5901297a3fa62,musanze_city,0,True,False
RWA-7dfbfcdbeeeaca7d,musanze_city,2,True,False
RWA-7e0e0c9f767619db,musanze_city,1,True,False
RWA-7e3efa7de393d314,musanze_city,1,True,False
RWA-7ed2c86caa6f3eb3,musanze_city,0,False,False
RWA-7ee9c94343c0b917,musanze_city,1,True,True
RWA-7f0052d0827a726e,musanze_city,0,False,False
RWA-7f4a3f9c0793157f,musanze_city,0,False,False
RWA-7fefc1c37b8008e1,musanze_city,0,True,False
RWA-7ff980be3f4b4002,musanze_city,2,True,False
RWA-8015104cb3bb5e34,musanze_city,1,False,False
RWA-8024b6ae359bf4f7,musanze_city,2,True,False
RWA-803e729398a1a06a,musanze_city,0,False,False
RWA-8055925dc621ebb8,musanze_city,0,True,False
RWA-805ba8c39bef2bcc,musanze_city,1,True,False
RWA-806aa29c20064e50,musanze_city,0,True,False
RWA-80c29d61e8c8df2b,musanze_city,1,False,False
RWA-810d2695ccd1ef55,musanze_city,2,False,False
RWA-8115b0710b5f01ce,musanze_city,2,False,False
RWA-816cc5dd3d2b44b4,musanze_city,2,False,False
RWA-81721e72aa3e36fb,musanze_city,0,False,False
RWA-81942d8894f0233a,musanze_city,1,False,False
RWA-81d38d35b65d5cc2,musanze_city,1,True,False
RWA-82118583b4bfc848,musanze_city,2,False,False
RWA-8226e40d62bada88,musanze_city,2,False,False
RWA-8229debd185a3da0,musanze_city,2,False,False
RWA-827380dd9f69af4b,musanze_city,0,False,False
RWA-82ccf4db0027dfad,musanze_city,0,False,False
RWA-831326763b88045b,musanze_city,0,False,False
RWA-8395ed3b5fc99908,musanze_city,2,False,False
RWA-83a6d8690a9f5575,musanze_city,0,False,False
RWA-83dc2076f2d7009f,musanze_city,1,False,False
RWA-83f51f6caf495fb4,musanze_city,1,False,False
RWA-83f9920ea0edf92f,musanze_city,1,False,False
RWA-83fff6c7d6673b8e,musanze_city,0,False,False
RWA-846b4ee3b48ee6d4,musanze_city,0,False,False
RWA-84b61e9e5ed5a91e,musanze_city,0,False,False
RWA-850975f2e583401d,musanze_city,2,False,False
RWA-85690f3a50dd6f0e,musanze_city,0,True,False
RWA-85d0b6755744f5c0,musanze_city,2,False,False
RWA-863c1d02902c6b5f,musanze_city,2,False,True
RWA-86483a9e24076d81,musanze_city,2,False,False
RWA-8654e6081948bfeb,musanze_city,1,False,False
RWA-86977f5ec58110df,musanze_city,0,False,False
RWA-86d807c02abf2001,musanze_city,1,False,False
RWA-86d8347bb82510ad,musanze_city,0,True,False
RWA-872c0eca93e0876c,musanze_city,0,False,False
RWA-8743351e39a53880,musanze_city,0,False,False
RWA-8779c3cdcb1ae3b8,musanze_city,1,False,False
RWA-8783189b5b014d8d,musanze_city,0,False,False
RWA-878db040aa2b6d42,musanze_city,1,False,False
RWA-87a56b1127a72bd4,musanze_city,0,True,False
RWA-87a99de5dd833448,musanze_city,2,False,False
RWA-87b99839d6f0872d,musanze_city,1,True,False
RWA-8809c88f1ed87561,musanze_city,2,True,False
RWA-880b4eba456d18d8,musanze_city,0,False,False
RWA-8842c1ee618d6580,musanze_city,2,False,False
RWA-8876867641d9d38d,musanze_city,2,True,True
RWA-88bff7c4148d0b32,musanze_city,0,True,False
RWA-88d9683eab9dfebb,musanze_city,0,False,False
RWA-895e0deb7d1d38cf,musanze_city,0,False,True
RWA-896a98cae9aa69f0,musanze_city,2,True,False
RWA-899224055edafad4,musanze_city,1,False,False
RWA-89c3507624e1b0f2,musanze_city,0,False,False
RWA-89d4cb728ac802a6,musanze_city,1,False,False
RWA-8a36874946ab26c5,musanze_city,0,False,False
RWA-8a52a503d7d6fb3a,musanze_city,0,False,False
RWA-8a567ea4764a869e,musanze_city,2,True,False
RWA-8a8dc6cdd9f4ee39,musanze_city,1,False,False
RWA-8aac057624223df2,musanze_city,0,False,False
RWA-8abaf1ddd7e46d71,musanze_city,0,True,False
RWA-8ac3b0c1da7e9515,musanze_city,0,True,True
RWA-8acfe0810e4150c2,musanze_city,0,False,False
RWA-8b72f67738084156,musanze_city,1,False,False
RWA-8b8ad4e2d6dab8ca,musanze_city,0,False,False
RWA-8bba5cd8ee014421,musanze_city,2,False,False
RWA-8bbe90ff77c1674e,musanze_city,2,False,False
RWA-8c1f01480a072085,musanze_city,0,False,False
RWA-8c30ac1271479021,musanze_city,1,False,False
RWA-8ca7a53543bafc6f,musanze_city,2,False,False
RWA-8d1221f862ff4688,musanze_city,1,False,False
RWA-8d2959e442080a00,musanze_city,2,False,False
RWA-8d492247894b7d6a,musanze_city,0,False,False
RWA-8d5415cb30979f49,musanze_city,1,False,False
RWA-8dc9ba1964afef3d,musanze_city,2,False,False
RWA-8e2a878c48ecb589,musanze_city,2,False,False
RWA-8e455d2498d29684,musanze_city,0,False,False
RWA-8e52957c0efb38ad,musanze_city,0,True,False
RWA-8e700cf2ffc0e1c2,musanze_city,1,False,False
RWA-8e9adf8d291fd2ed,musanze_city,1,True,False
RWA-8ebac92dc3a27fff,musanze_city,2,False,False
RWA-8ebf0e92e02b4c28,musanze_city,2,False,False
RWA-8eccb3539fc94c39,musanze_city,0,False,False
RWA-8ed607611d40c44e,musanze_city,2,False,False
RWA-8ef48ccdff5d7b1e,musanze_city,2,True,False
RWA-8f0e4a38e0b5a26c,musanze_city,2,False,False
RWA-8f139ae0d4737d20,musanze_city,1,True,False
RWA-8f15a4635b9622da,musanze_city,2,False,False
RWA-8f43e656603c99dd,musanze_city,1,False,False
RWA-8f68080094f86a4c,musanze_city,0,False,False
RWA-8fcb02e3f48cb385,musanze_city,2,False,False
RWA-903cec2c3350a48e,musanze_city,2,True,False
RWA-90419482fef93f2c,musanze_city,2,False,False
RWA-905820cda1560147,musanze_city,0,False,False
RWA-90590bd38759b5ae,musanze_city,0,False,False
RWA-906b011d998133b3,musanze_city,2,False,False
RWA-90be324c37f47129,musanze_city,2,True,False
RWA-90cca98e0aa77428,musanze_city,0,False,True
RWA-9126a3efd77eb971,musanze_city,1,True,False
RWA-917022602e839ce5,musanze_city,0,False,False
RWA-91aa8d828a19b2cd,musanze_city,1,True,False
RWA-928a0def52909317,musanze_city,0,False,False
RWA-929d664ae77b514b,musanze_city,0,True,False
RWA-92a4ce0b1932bb75,musanze_city,1,False,False
RWA-92e815bc42810741,musanze_city,1,False,False
RWA-930dc72809c83960,musanze_city,2,True,False
RWA-93376b579cd2fee3,musanze_city,1,True,False
RWA-93bad63388f4ad6a,musanze_city,2,False,False
RWA-93dcf603d7bfecea,musanze_city,0,False,False
RWA-9433a1e0e02b548c,musanze_city,1,False,False
RWA-9450a3b0ac9f73b1,musanze_city,1,True,False
RWA-948f0d46f58e82ad,musanze_city,0,False,False
RWA-94f759468fe0b95f,musanze_city,1,False,True
RWA-94f7ec7b1b827870,musanze_city,2,True,False
RWA-9521836f6f1e8b4e,musanze_city,1,True,False
RWA-9535490755d5e69c,musanze_city,0,False,False
RWA-9550fa6f7ca957b3,musanze_city,1,False,False
RWA-955ce430cde83079,musanze_city,2,False,False
RWA-95f8c4dc18deb377,musanze_city,1,True,False
RWA-960a2dd382d57c67,musanze_city,0,False,False
RWA-961513a3a8ca4482,musanze_city,2,True,False
RWA-96594800637286b7,musanze_city,2,False,False
RWA-96a0d8981de97c25,musanze_city,1,True,False
RWA-96c0671e9078d992,musanze_city,2,False,False
RWA-96c812a5b448b475,musanze_city,2,False,False
RWA-96d1e3d103a71abe,musanze_city,0,True,False
RWA-974e949e2d2c1ecd,musanze_city,2,True,False
RWA-9761d1124f6d8659,musanze_city,0,False,False
RWA-97d3532eeb4d9b1a,musanze_city,0,False,False
RWA-97e34a6607af9e27,musanze_city,2,False,False
RWA-97f2896e53b15891,musanze_city,2,False,False
RWA-9818934cfcd356e7,musanze_city,0,False,False
RWA-981d22f92948bc6a,musanze_city,2,False,False
RWA-98481248f8226071,musanze_city,0,False,False
RWA-9848bf1c3c5e09c4,musanze_city,0,True,False
RWA-9888385d2dcf7885,musanze_city,2,False,False
RWA-9888c49f52c49c43,musanze_city,1,False,False
RWA-989c3509e5c6e3fd,musanze_city,1,True,False
RWA-98c4bc557849cd1f,musanze_city,0,True,False
RWA-98c8d4273523c9f7,musanze_city,2,False,False
RWA-98d306091b3ae85c,musanze_city,1,True,False
RWA-991b18f993a06aea,musanze_city,0,False,False
RWA-992933c354418430,musanze_city,1,False,False
RWA-9941b62f4a91ff0b,musanze_city,1,False,True
RWA-99cf7c4d18f68fc7,musanze_city,2,True,False
RWA-9a261459582a1fef,musanze_city,0,False,False
RWA-9af0f9cc15b887fc,musanze_city,2,False,False
RWA-9b6490adfe1564af,musanze_city,0,False,False
RWA-9bbd97f9c016a364,musanze_city,1,False,False
RWA-9bcd940ec09aa715,musanze_city,1,False,False
RWA-9c05dac509c7208d,musanze_city,2,False,False
RWA-9c141f8b5a8054cf,musanze_city,1,True,False
RWA-9c1f61c8f4ed0599,musanze_city,0,False,False
RWA-9c92fe7597ddda49,musanze_city,0,False,False
RWA-9cff119cc0327f7a,musanze_city,0,False,False
RWA-9d4f801dd0bb086e,musanze_city,0,False,False
RWA-9d520656c9fad3f5,musanze_city,0,False,False
RWA-9d52edcaf502ec02,musanze_city,0,True,True
RWA-9d5d236f108868cf,musanze_city,1,False,False
RWA-9db8a15ed5b7a119,musanze_city,0,False,False
RWA-9dc8fd60b77873e2,musanze_city,1,False,False
RWA-9ddb941b041320d3,musanze_city,0,False,False
RWA-9dfa64014a5e63f9,musanze_city,0,False,False
RWA-9e3bb70bd51172dc,musanze_city,1,False,False
RWA-9ebf4b08a0521138,musanze_city,0,False,False
RWA-9ee325c2dc72ee33,musanze_city,0,False,False
RWA-9f1c2545ccec5166,musanze_city,1,False,False
RWA-9f9ae0d7015447c5,musanze_city,1,False,True
RWA-a01144633df64a2c,musanze_city,2,False,False
RWA-a01ba1c61748d1aa,musanze_city,1,True,False
RWA-a01c0dc8823d84b1,musanze_city,2,False,False
RWA-a01d2ac53f3f197d,musanze_city,2,True,False
RWA-a04030fddd3fd2fe,musanze_city,0,False,False
RWA-a064085702e86a16,musanze_city,1,False,True
RWA-a0a00d76a635eb32,musanze_city,1,False,False
RWA-a0e1ee6068991c0f,musanze_city,1,True,False
RWA-a0e367e53e7fc5d3,musanze_city,0,False,False
RWA-a0e3a2724ec1fb7b,musanze_city,1,False,False
RWA-a0ffa571f7a633c8,musanze_city,2,True,False
RWA-a121db8ce596b51f,musanze_city,2,False,False
RWA-a1b6dba47c321519,musanze_city,2,False,False
RWA-a1e009d1d51ce738,musanze_city,2,False,False
RWA-a25464d4e05aaed6,musanze_city,1,False,False
RWA-a27385200b93981e,musanze_city,0,False,False
RWA-a298c9e6cb5dfd19,musanze_city,2,False,False
RWA-a2b305d7b38469f8,musanze_city,1,True,False
RWA-a2cc91e95c5e9582,musanze_city,2,False,False
RWA-a308bd1a7a4d8278,musanze_city,2,False,False
RWA-a3146d2522d49261,musanze_city,2,True,False
RWA-a316acb718fc1800,musanze_city,0,False,False
RWA-a366d474a7ba7ca0,musanze_city,0,True,False
RWA-a399e33516d3a25a,musanze_city,2,False,False
RWA-a3b108b93df389cc,musanze_city,1,False,False
RWA-a3c1a462c95d0b0e,musanze_city,2,False,False
RWA-a3c685acd1b90e71,musanze_city,0,False,False
RWA-a3d7f9852d30dda3,musanze_city,0,True,False
RWA-a3dfcdc0d8ce6f88,musanze_city,1,False,False
RWA-a457b0061bc48da7,musanze_city,0,False,False
RWA-a4a481d3810c3c72,musanze_city,1,True,False
RWA-a4b05f2f33701a66,musanze_city,0,False,False
RWA-a4cef7a5ccf5046b,musanze_city,0,False,False
RWA-a54457876e0a2d8c,musanze_city,0,False,False
RWA-a56175216c128e70,musanze_city,1,False,True
RWA-a5717a7f92343225,musanze_city,1,False,False
RWA-a5830616e0fc0d94,musanze_city,1,True,False
RWA-a5b41065c85def04,musanze_city,0,True,False
RWA-a5bc6fca828cabea,musanze_city,2,False,False
RWA-a5c6b0a0850637fa,musanze_city,1,False,False
RWA-a67d305c433e5a36,musanze_city,1,False,False
RWA-a6b08bb01241bd29,musanze_city,2,True,False
RWA-a6d3428f1e9377cf,musanze_city,0,False,False
RWA-a6dcf5b457f20547,musanze_city,2,False,False
RWA-a741d14bfb204a18,musanze_city,2,True,False
RWA-a77cfffe95d7e3c0,musanze_city,2,True,False
RWA-a77dd594accdf0ed,musanze_city,1,False,False
RWA-a7855e468dfe1c01,musanze_city,2,False,False
RWA-a7b6e7ac69603969,musanze_city,1,False,False
RWA-a7d87e5943a7fea8,musanze_city,2,False,False
RWA-a80334268a8e39ac,musanze_city,1,False,False
RWA-a839ec5efe3a0882,musanze_city,2,False,False
RWA-a861c7e6490a2f5c,musanze_city,1,False,True
RWA-a87fcf5df8d16799,musanze_city,1,False,False
RWA-a895c9895cc20612,musanze_city,2,False,False
RWA-a8998f41599d09e6,musanze_city,2,False,False
RWA-a89ed50120c86f4e,musanze_city,0,False,False
RWA-a931ad2223447000,musanze_city,0,False,False
RWA-a9d247963a5a64fc,musanze_city,1,True,False
RWA-a9edbf63de94bc2a,musanze_city,1,True,False
RWA-aa2d2413551ac43a,musanze_city,1,False,False
RWA-aa905799df5e186b,musanze_city,0,True,False
RWA-aac693a02d85ca88,musanze_city,2,False,False
RWA-ab098eef6bea8b1c,musanze_city,1,False,False
RWA-ab21b2acf896a089,musanze_city,0,True,True
RWA-ab321c08de04e520,musanze_city,1,True,False
RWA-ab91103988197c2d,musanze_city,2,False,False
RWA-abe30242c2918d5d,musanze_city,0,False,False
RWA-abf5781d35fb1a8f,musanze_city,2,False,False
RWA-ac24c8c22282a0fb,musanze_city,1,False,False
RWA-ac2f20f2c8c447b5,musanze_city,1,False,False
RWA-ac864b9463834121,musanze_city,0,False,False
RWA-ac96c3eed849632c,musanze_city,1,False,False
RWA-aca5d1a3666f649d,musanze_city,2,False,True
RWA-acab26c6dfc40e9c,musanze_city,0,True,False
RWA-acd75cae1c3dcd19,musanze_city,2,False,False
RWA-ad02c34780a7e960,musanze_city,2,False,False
RWA-ad302dc7bb86fb3f,musanze_city,1,True,False
RWA-ad3463ff24a2680c,musanze_city,2,True,False
RWA-ad510bfe8f4939ee,musanze_city,0,True,False
RWA-ad6301261d73bf9d,musanze_city,1,False,False
RWA-ade0ddaca893c85b,musanze_city,1,False,False
RWA-adea05de3884b1b5,musanze_city,1,False,True
RWA-adfa67cede5c1d46,musanze_city,1,False,False
RWA-ae021f8b12f136f6,musanze_city,2,False,False
RWA-ae4130b52f2b77e4,musanze_city,1,False,False
RWA-ae45ae5465170f89,musanze_city,2,False,False
RWA-ae5754578cd8b20f,musanze_city,1,False,False
RWA-ae5a4561657d9680,musanze_city,0,False,False
RWA-ae9cd8086c3a1e9c,musanze_city,1,False,False
RWA-aec26b368a5844d5,musanze_city,0,False,False
RWA-aee44122d1722bf9,musanze_city,0,False,False
RWA-aee748c5e7f35bb8,musanze_city,2,False,False
RWA-af1a9f0867461da0,musanze_city,2,False,False
RWA-af3071e2cc873ef2,musanze_city,2,False,False
RWA-af52e7da8d97191e,musanze_city,1,False,False
RWA-afbe041d34e3a8f7,musanze_city,0,False,False
RWA-b02614fc35658884,musanze_city,1,False,False
RWA-b045ae1ad99489f3,musanze_city,1,False,False
RWA-b0694ada4f3627b2,musanze_city,2,False,False
RWA-b0967dfe7581953b,musanze_city,1,False,False
RWA-b0be8c152dcf1e5b,musanze_city,2,False,False
RWA-b0c08efd9a87f1b8,musanze_city,2,True,False
RWA-b0c128b43cff08cf,musanze_city,0,False,False
RWA-b0cb039b6ba3f412,musanze_city,0,False,False
RWA-b0e2dde1e8112562,musanze_city,1,False,False
RWA-b122f0cc8e6b77b5,musanze_city,0,False,False
RWA-b1346b34a5fa2eb2,musanze_city,1,False,False
RWA-b137490e8f82e70c,musanze_city,2,True,False
RWA-b14ac804b8057163,musanze_city,0,False,False
RWA-b15083404a932069,musanze_city,1,False,False
RWA-b158f83a82103bd6,musanze_city,1,False,False
RWA-b162828232a01ffe,musanze_city,2,False,True
RWA-b1816a21c406e116,musanze_city,0,False,False
RWA-b18e4f6ca13400e8,musanze_city,1,False,False
RWA-b1a7d7a6355139c8,musanze_city,1,True,False
RWA-b1bcc83c0285c65f,musanze_city,0,False,False
RWA-b1ed29553c4b4c98,musanze_city,2,False,False
RWA-b210c0762a31f709,musanze_city,1,False,False
RWA-b219ce71fbe30ac8,musanze_city,1,False,False
RWA-b2330602205fa1d6,musanze_city,0,False,False
RWA-b2544a05c37b266f,musanze_city,1,True,False
RWA-b30ba041b0f95074,musanze_city,1,True,False
RWA-b34037db26571cc4,musanze_city,0,False,False
RWA-b3445c8e71809498,musanze_city,0,True,True
RWA-b3a8ae5b64805c37,musanze_city,2,True,False
RWA-b418dff1d15a6a1d,musanze_city,2,False,False
RWA-b436dac844397e59,musanze_city,1,False,False
RWA-b443f01e29d20913,musanze_city,2,False,False
RWA-b44ff9fd6eb3d293,musanze_city,2,False,False
RWA-b483f316ad09307d,musanze_city,1,True,False
RWA-b49ca80b57e8dd41,musanze_city,2,False,False
RWA-b4a71474cc5eda45,musanze_city,0,False,False
RWA-b4e61a114402ccad,musanze_city,0,False,False
RWA-b4f74688c2d5dcc3,musanze_city,1,False,False
RWA-b50fa95f6da413be,musanze_city,0,False,True
RWA-b53ab0a8907c86ab,musanze_city,0,True,False
RWA-b53f341a53b583c8,musanze_city,2,False,False
RWA-b55123c722bbff44,musanze_city,0,False,False
RWA-b5608484791cd710,musanze_city,2,False,False
RWA-b572010eaf4d0680,musanze_city,2,False,False
RWA-b58819eb9090cab4,musanze_city,0,False,False
RWA-b59068e4854117f8,musanze_city,0,False,False
RWA-b5c4c070dfa0d63a,musanze_city,2,False,False
RWA-b6c8faf7ea928cba,musanze_city,2,False,False
RWA-b6d213c83b366202,musanze_city,2,False,False
RWA-b6d8a05de5e03df1,musanze_city,1,False,False
RWA-b6f715f24aaaca36,musanze_city,2,True,False
RWA-b73ba2ffd0401053,musanze_city,0,False,False
RWA-b7ba71e00f1ab765,musanze_city,2,False,False
RWA-b7f5adb8d322b2ca,musanze_city,1,False,False
RWA-b85702e3fb12cb86,musanze_city,0,False,False
RWA-b8aa9778304ca88d,musanze_city,0,False,False
RWA-b8e014a9b201d534,musanze_city,1,False,False
RWA-b8edd791e3500871,musanze_city,2,False,False
RWA-b8f153617e9250e8,musanze_city,2,False,False
RWA-b96cf4da29842e9f,musanze_city,2,True,False
RWA-b994066be42b10b1,musanze_city,0,False,False
RWA-b99daf95f228d909,musanze_city,2,False,False
RWA-b9bbda81f11ac8ff,musanze_city,0,False,False
RWA-b9c363807fd9740a,musanze_city,0,False,False
RWA-ba0ea125d2aeefa8,musanze_city,0,True,False
RWA-ba24cb55116dddd7,musanze_city,1,False,False
RWA-ba3344add4181f9a,musanze_city,0,False,False
RWA-ba3470d7ca2fea89,musanze_city,1,True,False
RWA-ba9f8d784c4bd1c1,musanze_city,2,True,False
RWA-bae84732af120816,musanze_city,0,False,False
RWA-bb05084844b4a083,musanze_city,2,False,False
RWA-bb795a30183d5b1f,musanze_city,2,False,False
RWA-bbbac76859fab8da,musanze_city,2,False,False
RWA-bbc2f8b108105066,musanze_city,1,False,False
RWA-bc69cf2e64b2879a,musanze_city,2,False,False
RWA-bc74d67a1f81f9fc,musanze_city,0,False,False
RWA-bca97ceb55bd4f34,musanze_city,1,False,False
RWA-bcbbfbabc2122479,musanze_city,2,False,False
RWA-bd4d8feb1afb8bcf,musanze_city,1,False,False
RWA-bda374bebf7ad0ed,musanze_city,1,False,False
RWA-bdaeb5b0b16e86d4,musanze_city,1,False,False
RWA-bdbe0ccaff5d69a4,musanze_city,2,False,True
RWA-be3b51ab181033f2,musanze_city,2,False,False
RWA-be66aa5d37746e87,musanze_city,0,False,False
RWA-be68c1c5b9eab988,musanze_city,0,False,False
RWA-bea95784bf86776e,musanze_city,2,False,False
RWA-beb281eb768b6859,musanze_city,1,False,False
RWA-bee459e9d2678191,musanze_city,1,False,False
RWA-beffd06f1c3a59fd,musanze_city,0,False,False
RWA-bf0146148db65fda,musanze_city,2,False,True
RWA-bf309049006e848b,musanze_city,0,False,True
RWA-bf48f0cd874e91f4,musanze_city,2,False,False
RWA-bf55cfd352edd94b,musanze_city,2,False,False
RWA-bf63ebaa674bceea,musanze_city,2,False,False
RWA-bf6f0e1df62ec10f,musanze_city,0,False,False
RWA-bf7ab4c6980d5fdb,musanze_city,0,True,False
RWA-bfffc7bb265bf445,musanze_city,0,True,False
RWA-c0610b8ad4f1f6d4,musanze_city,0,False,False
RWA-c08de9ac47fa4a13,musanze_city,1,False,False
RWA-c0c076a254d12f44,musanze_city,2,False,False
RWA-c0da6586291ce667,musanze_city,2,False,False
RWA-c0ead537fb27f042,musanze_city,1,False,False
RWA-c0f1fac40b7dabc0,musanze_city,2,True,False
RWA-c16386de66b261e9,musanze_city,2,False,False
RWA-c1a3c42e55fe45c5,musanze_city,0,True,False
RWA-c250c42ef95466e4,musanze_city,1,True,False
RWA-c29bc29391b4c1a4,musanze_city,2,False,False
RWA-c2abbf2d0e2885d6,musanze_city,2,False,False
RWA-c2e7253c8e848d49,musanze_city,2,True,False
RWA-c30089281116cf37,musanze_city,0,False,False
RWA-c32d67f83fdcc09c,musanze_city,1,False,True
RWA-c334648700dcd620,musanze_city,2,True,False
RWA-c3aa845aa1b92125,musanze_city,1,False,False
RWA-c3f3803303775b88,musanze_city,1,False,False
RWA-c40bb11227850b4f,musanze_city,2,False,False
RWA-c4aa3e02b1dff742,musanze_city,1,False,False
RWA-c4afad610aff9102,musanze_city,2,True,False
RWA-c4caad33d2f1a3ed,musanze_city,1,True,False
RWA-c56dcca489b6deca,musanze_city,2,True,False
RWA-c59671769306704a,musanze_city,1,False,False
RWA-c5f4c1e44d39b436,musanze_city,0,False,True
RWA-c60fa5b8cc997967,musanze_city,2,False,False
RWA-c62f3a0fd5edc1e3,musanze_city,2,True,False
RWA-c68ff64b18395a68,musanze_city,1,True,False
RWA-c6b52c00e1ea65fc,musanze_city,1,False,False
RWA-c6d5306676eaaa0c,musanze_city,2,False,False
RWA-c6f0443f0599f791,musanze_city,0,False,False
RWA-c71b4618562328c5,musanze_city,1,False,False
RWA-c820901cbb0e33e4,musanze_city,2,False,False
RWA-c857198259601598,musanze_city,2,False,False
RWA-c888ecf7f15df9ef,musanze_city,1,False,False
RWA-c893e403616673be,musanze_city,0,False,False
RWA-c8b997dc411933f3,musanze_city,0,False,False
RWA-c8dbb5c9fd1824a9,musanze_city,1,False,False
RWA-c8f0d57f1f73bbd2,musanze_city,0,False,False
RWA-c92c21d252829a2c,musanze_city,1,False,False
RWA-c945cda92dfa8a28,musanze_city,1,False,False
RWA-c96441d6d8d726f0,musanze_city,2,False,False
RWA-c96cf2f26eb53792,musanze_city,1,False,False
RWA-c9ea6284ad4ed2e7,musanze_city,0,True,False
RWA-c9efe20a1f14cf4f,musanze_city,1,True,False
RWA-ca57332a147b9e49,musanze_city,0,False,False
RWA-cad20bcc30febc24,musanze_city,1,True,False
RWA-cae30eaeb2d84f62,musanze_city,0,True,False
RWA-cae4f38356fe99ba,musanze_city,0,True,True
RWA-cb043827ba7e167b,musanze_city,2,True,False
RWA-cb052b630c772c06,musanze_city,1,False,False
RWA-cbb55612264752d9,musanze_city,2,False,False
RWA-cbe3408102449e69,musanze_city,0,False,False
RWA-cc4273b371dec3bd,musanze_city,0,True,False
RWA-cc787fdbea22e940,musanze_city,0,False,True
RWA-cc9f12e2ce4f75d3,musanze_city,1,False,False
RWA-cca0aa60c79d7d4a,musanze_city,2,False,False
RWA-cca51a7f84c85035,musanze_city,2,False,False
RWA-ccb6861dadea3375,musanze_city,0,True,False
RWA-ccd276b0916ddbee,musanze_city,2,False,False
RWA-cd08f33fa4d7a752,musanze_city,0,False,False
RWA-cd3e325ff42e279f,musanze_city,0,False,False
RWA-cd4fc18a90dcadc1,musanze_city,1,True,False
RWA-cd6e3633f08ffd50,musanze_city,2,False,True
RWA-cdd8b5a3fac0736d,musanze_city,1,False,False
RWA-cdf9041b6e18aa5e,musanze_city,1,False,False
RWA-ce2ad71c94e6867b,musanze_city,2,False,False
RWA-cf03351626643f9e,musanze_city,0,False,False
RWA-cf1aeef5e4b38cd8,musanze_city,2,False,False
RWA-cf207ded7bac0dc2,musanze_city,0,False,False
RWA-cf31ee13f4a03c2c,musanze_city,1,False,False
RWA-cf4a40af31fff319,musanze_city,0,False,False
RWA-cf57a6a9db13d206,musanze_city,2,False,False
RWA-cf60a96f22d4c2d0,musanze_city,2,False,False
RWA-cfb223927be66ca0,musanze_city,1,False,False
RWA-cfdb271c440ee697,musanze_city,2,False,False
RWA-cffbb2d1b28b852d,musanze_city,1,False,False
RWA-d01f2a558c3b7018,musanze_city,1,True,False
RWA-d03479abe48941a3,musanze_city,1,False,True
RWA-d05f3bbb31f218d4,musanze_city,1,True,True
RWA-d07580e4befc0f8b,musanze_city,1,False,False
RWA-d0841602458dbe27,musanze_city,0,True,False
RWA-d08afe333c8183cd,musanze_city,0,False,False
RWA-d0c473b9c842df25,musanze_city,1,True,False
RWA-d0cffd053e205732,musanze_city,0,False,False
RWA-d0d60018fac1ec13,musanze_city,0,False,False
RWA-d0f50a85d3c4300b,musanze_city,1,False,False
RWA-d1074c9b2ecdd1f6,musanze_city,1,False,False
RWA-d10ce97b50c40f13,musanze_city,1,True,False
RWA-d119cb7ef410a4f4,musanze_city,1,False,False
RWA-d119d22d65317898,musanze_city,1,True,False
RWA-d120c14f66221d63,musanze_city,2,True,False
RWA-d1383a39d43a1024,musanze_city,2,True,False
RWA-d14aba502c4b1940,musanze_city,0,False,False
RWA-d176272040e5246c,musanze_city,2,False,False
RWA-d1ed7832dd10d45a,musanze_city,1,False,False
RWA-d22af1686216a4f6,musanze_city,0,False,False
RWA-d2376d1e9487a983,musanze_city,1,False,False
RWA-d269efa198469890,musanze_city,2,False,False
RWA-d26a16db74149607,musanze_city,1,True,False
RWA-d2d637161f30b706,musanze_city,2,False,False
RWA-d375106a9ac79f04,musanze_city,2,False,False
RWA-d380b7aa8f96ca6a,musanze_city,0,False,False
RWA-d3f9e56a8a00a525,musanze_city,1,False,False
RWA-d41a1fcc5e36573f,musanze_city,0,False,False
RWA-d50ca4cf3ece55b5,musanze_city,2,False,False
RWA-d522476254e0924e,musanze_city,2,False,False
RWA-d54ab7ad9f65b78c,musanze_city,1,False,False
RWA-d5e59ef4b9eb7db7,musanze_city,1,True,False
RWA-d601d1371949d2d4,musanze_city,1,False,False
RWA-d62cab53efd0fa67,musanze_city,1,False,False
RWA-d66bacbacb7f9ef7,musanze_city,1,False,False
RWA-d6b052f4e263134b,musanze_city,0,False,False
RWA-d6d0048bb75569f9,musanze_city,2,False,False
RWA-d71214ae60502db7,musanze_city,0,True,False
RWA-d714447334b429d8,musanze_city,1,False,False
RWA-d72bd2b334aaef4e,musanze_city,2,False,False
RWA-d74b869f7038a8ed,musanze_city,1,False,False
RWA-d753a6c5c9c697cc,musanze_city,1,False,False
RWA-d761c63a0336a39d,musanze_city,1,True,False
RWA-d76d8b2f25989bc0,musanze_city,2,False,False
RWA-d7984c57d532c522,musanze_city,0,True,False
RWA-d7b51a46a13c2deb,musanze_city,1,False,True
RWA-d80ab359cf663f56,musanze_city,0,False,False
RWA-d814022621618fda,musanze_city,2,False,False
RWA-d829d7a80af165a3,musanze_city,1,False,False
RWA-d87472c0bba798b9,musanze_city,0,True,False
RWA-d87d9a91eceb51c9,musanze_city,2,False,False
RWA-d8afa8ebe17bd2db,musanze_city,2,False,False
RWA-d9067c8af632206b,musanze_city,1,True,False
RWA-d911b3c316c655c3,musanze_city,0,False,False
RWA-d93270a1018076f1,musanze_city,0,False,False
RWA-d93329ebfe703d7a,musanze_city,0,True,False
RWA-d990364aba4a376e,musanze_city,2,False,False
RWA-da4e8cb0edef51f7,musanze_city,0,True,False
RWA-da8f99265409c3b8,musanze_city,1,False,False
RWA-da9ea26028ca8890,musanze_city,0,False,False
RWA-db2b482eb8fef2b3,musanze_city,2,False,False
RWA-db66b4b1da72ae59,musanze_city,2,False,False
RWA-dbf0e9dbd6fd5266,musanze_city,1,False,False
RWA-dbf7ee3816b504c7,musanze_city,1,False,False
RWA-dbff50290d0c4520,musanze_city,1,False,False
RWA-dc4d4aab97f1f5b4,musanze_city,1,False,False
RWA-dc50ad6b83286249,musanze_city,1,False,False
RWA-dc690337cb1e0c11,musanze_city,2,False,False
RWA-dc7ebf26753b0f97,musanze_city,1,False,False
RWA-dc9ce6763c5dd084,musanze_city,0,False,False
RWA-dd3e711eb0be7ac4,musanze_city,1,False,False
RWA-dd6ae97c9772503f,musanze_city,0,False,False
RWA-dd71cfbc6c9ad0c3,musanze_city,2,True,False
RWA-ddc3a918d4bb1f2b,musanze_city,0,True,False
RWA-de13d870be309b4a,musanze_city,1,False,False
RWA-de5ab7d814d3feec,musanze_city,2,False,False
RWA-de7ccd1c3c5ee0b6,musanze_city,0,False,False
RWA-de9352142f33251c,musanze_city,2,True,False
RWA-de94d1f6ce75e79d,musanze_city,2,False,False
RWA-dea6f1cd6ca2e3ca,musanze_city,2,False,True
RWA-dea896b26c49b27c,musanze_city,0,False,False
RWA-deac2acc0113a599,musanze_city,1,True,False
RWA-decc040ab496a282,musanze_city,1,False,False
RWA-dee0394f01e73d6e,musanze_city,1,False,False
RWA-dee2c9e997976938,musanze_city,1,True,False
RWA-deece543825e6629,musanze_city,2,False,False
RWA-df01bea8adf7eb64,musanze_city,0,False,False
RWA-df01cf28e396f530,musanze_city,1,False,False
RWA-df3e137212a81522,musanze_city,0,True,False
RWA-dfab0ae4591c9593,musanze_city,2,True,False
RWA-dfdb14572862f5b4,musanze_city,0,True,False
RWA-e014917c9e6ded2b,musanze_city,0,False,False
RWA-e0253cc4613a6ce7,musanze_city,0,False,False
RWA-e03c1a101c15868b,musanze_city,2,True,False
RWA-e05b1b225a8a529f,musanze_city,1,False,False
RWA-e08d5a9d707d32d9,musanze_city,2,False,False
RWA-e14ecc6883e5d021,musanze_city,1,False,False
RWA-e16ef6a73b8e7f6e,musanze_city,2,True,True
RWA-e1da97a6fefae74a,musanze_city,1,True,False
RWA-e21c00b5ed798242,musanze_city,2,False,False
RWA-e24c2f00817355ec,musanze_city,2,True,False
RWA-e2505be7eb95a9e6,musanze_city,1,False,False
RWA-e25766482714dd84,musanze_city,2,False,False
RWA-e26c34dcce65a564,musanze_city,1,False,False
RWA-e2772edb10cf1b35,musanze_city,0,False,False
RWA-e295670fc48100a6,musanze_city,2,False,False
RWA-e2bc28fa8f120426,musanze_city,1,False,False
RWA-e2c2e2ae4ad1721e,musanze_city,2,False,False
RWA-e2e797d7f180bc05,musanze_city,2,False,False
RWA-e37a4a6cf396ba8a,musanze_city,0,False,False
RWA-e3d11ac7bc21d368,musanze_city,1,False,False
RWA-e41a4c445663b764,musanze_city,1,False,False
RWA-e433ecc145b393f7,musanze_city,0,False,False
RWA-e4402a99f0fb0823,musanze_city,2,True,False
RWA-e442bb76dc949d1d,musanze_city,2,False,False
RWA-e44c910d1790ae2b,musanze_city,2,False,False
RWA-e473da48f113437d,musanze_city,0,False,False
RWA-e492541c009f2dec,musanze_city,1,False,False
RWA-e4bb7d9defb43869,musanze_city,1,False,False
RWA-e4d458e5a351c1fa,musanze_city,2,True,False
RWA-e4f7273613a4565e,musanze_city,2,False,False
RWA-e55e4703fb0fe209,musanze_city,0,False,False
RWA-e5694c58571a43ce,musanze_city,1,False,False
RWA-e57200d6baf477e2,musanze_city,0,False,False
RWA-e5d38fded9da53c2,musanze_city,2,False,False
RWA-e664eab8c1df1738,musanze_city,0,False,False
RWA-e6c45687bf21e43a,musanze_city,0,False,False
RWA-e75bad5eeb4e5a54,musanze_city,0,True,False
RWA-e767f8fa0f3cee5f,musanze_city,0,False,False
RWA-e78f221f1ce2d3f3,musanze_city,2,False,False
RWA-e79a30d84ec811ab,musanze_city,1,False,False
RWA-e7b65293deb8eae2,musanze_city,1,False,False
RWA-e7f8bc1182018c53,musanze_city,0,True,False
RWA-e7ff420aea356a4c,musanze_city,1,False,True
RWA-e80854558ff25ab9,musanze_city,1,True,False
RWA-e854e1e791594cd4,musanze_city,1,False,False
RWA-e8609cd34f858393,musanze_city,2,False,False
RWA-e87a402107df0d6a,musanze_city,2,False,False
RWA-e8c1ee561764720b,musanze_city,2,False,False
RWA-e90376f350e39351,musanze_city,1,False,False
RWA-e90a3467da9c6bd4,musanze_city,0,False,True
RWA-e920506b7059d8ae,musanze_city,0,False,False
RWA-e939382c3560d17e,musanze_city,2,False,False
RWA-e94b55f359dce837,musanze_city,2,False,False
RWA-e9664664997733ef,musanze_city,2,False,False
RWA-e976565debf45f3d,musanze_city,1,False,False
RWA-e9f93d36473e5ecf,musanze_city,1,False,False
RWA-e9fecac22f47e560,musanze_city,1,False,False
RWA-ea28fa7e021f52e0,musanze_city,1,True,False
RWA-ea5dcc16b18639c8,musanze_city,2,False,True
RWA-ea7c591d2801a61e,musanze_city,2,False,False
RWA-eafea24d94b89af4,musanze_city,2,False,False
RWA-eb0afc570f682d53,musanze_city,2,False,False
RWA-eb1f1780212bd80c,musanze_city,1,False,False
RWA-eb2c002aa3b7ac50,musanze_city,2,False,False
RWA-eb2e44ee32d7cefd,musanze_city,2,False,False
RWA-eb4696740bd433b4,musanze_city,2,False,False
RWA-eb8284aa77079da9,musanze_city,2,True,False
RWA-eb83d70f145f3105,musanze_city,1,False,True
RWA-eb918f7879c67db6,musanze_city,0,False,False
RWA-ebac76e3046d96d9,musanze_city,0,False,True
RWA-ec3a9a55fdb62c30,musanze_city,0,False,False
RWA-ec70bcc73716cfbf,musanze_city,2,True,False
RWA-ec86393409967a69,musanze_city,1,True,False
RWA-ecb69f7022430c96,musanze_city,1,True,False
RWA-ecb950b6d5a4f804,musanze_city,1,False,False
RWA-ecc5f207d1297120,musanze_city,2,False,False
RWA-ecdfa87fbc2071de,musanze_city,0,False,False
RWA-ed09bb547c9693c7,musanze_city,0,False,False
RWA-edb83ecdd36e0499,musanze_city,2,False,False
RWA-edbcacd45d62f33a,musanze_city,0,False,True
RWA-edca1ae49f701e2a,musanze_city,2,False,True
RWA-edcca603448ffedf,musanze_city,0,False,False
RWA-ee6c610a253b14c7,musanze_city,0,False,True
RWA-ee906ca402a36d3b,musanze_city,0,False,False
RWA-eea6143c0fb34280,musanze_city,0,True,False
RWA-eef073ce49e7af5d,musanze_city,1,False,False
RWA-ef0214e122cee7e7,musanze_city,1,False,False
RWA-ef328f01bd44c5f5,musanze_city,1,False,False
RWA-ef40328482f13b4f,musanze_city,2,True,False
RWA-ef91515b2ecd32d6,musanze_city,2,False,False
RWA-efa53a2267fd6e26,musanze_city,2,True,False
RWA-efb50a9dd4b04189,musanze_city,2,False,False
RWA-efca077579aa94b3,musanze_city,2,False,False
RWA-efdfbb3aaca3bbd5,musanze_city,1,False,False
RWA-f01e60100e9da68d,musanze_city,0,False,False
RWA-f03d0ac76b2178f9,musanze_city,2,False,False
RWA-f04e0bca77e3b0c1,musanze_city,1,False,False
RWA-f093da092b84798b,musanze_city,1,False,False
RWA-f0de2845ce67d513,musanze_city,1,False,False
RWA-f0dfec075ed4f996,musanze_city,1,False,False
RWA-f0eb3f14cac7d776,musanze_city,2,False,False
RWA-f1638fe4021f9f41,musanze_city,1,False,False
RWA-f16d77e2407a0043,musanze_city,2,True,False
RWA-f2249f6ceb4ebaae,musanze_city,0,False,False
RWA-f23bbc0923f51180,musanze_city,0,False,True
RWA-f24bbcbc3d9161fa,musanze_city,2,False,False
RWA-f29073fed2e09e47,musanze_city,2,False,False
RWA-f31061670c869fcf,musanze_city,1,True,False
RWA-f3263b5c40279c3e,musanze_city,1,False,False
RWA-f352b0e61a95be01,musanze_city,2,False,False
RWA-f364bad33cafb146,musanze_city,0,False,False
RWA-f3d9dadc84d75cca,musanze_city,0,False,False
RWA-f3eb39d5d64b8a1f,musanze_city,1,False,False
RWA-f42b0492b5fe702e,musanze_city,2,True,False
RWA-f437ad3ebfa568b7,musanze_city,0,False,False
RWA-f48bd5f46032cd0c,musanze_city,0,False,False
RWA-f49059d3e761173d,musanze_city,1,True,False
RWA-f516b9e4d26e7dc5,musanze_city,1,False,False
RWA-f58709a612df3647,musanze_city,0,False,False
RWA-f59c950e9ef8e262,musanze_city,2,False,False
RWA-f5b57f8146eb7e85,musanze_city,2,False,False
RWA-f5d4ea98995743e1,musanze_city,0,True,False
RWA-f5f8c8fc71f209ea,musanze_city,2,False,False
RWA-f6295e018cccb184,musanze_city,2,False,False
RWA-f67211100871b171,musanze_city,2,True,False
RWA-f73fff0bbbdce0be,musanze_city,2,False,False
RWA-f7408aeee6839b03,musanze_city,1,False,False
RWA-f7488a438c9e6e47,musanze_city,1,True,False
RWA-f76d664b2733f17b,musanze_city,1,True,True
RWA-f7c4282fb474da81,musanze_city,1,True,False
RWA-f7f866223e1ef2e3,musanze_city,0,True,False
RWA-f8122382dda2b7fd,musanze_city,0,True,False
RWA-f8356db3705daf4e,musanze_city,1,False,False
RWA-f83a3cc1072af3ab,musanze_city,2,False,False
RWA-f8669504d7736589,musanze_city,0,False,False
RWA-f87eed5e8ef88fb0,musanze_city,0,True,False
RWA-f88ad20c179481d0,musanze_city,1,False,False
RWA-f8af53a8af7bdf5f,musanze_city,0,False,False
RWA-f8b2572a2af03e81,musanze_city,2,False,False
RWA-f8ce68a97da82812,musanze_city,1,False,False
RWA-f8f53d9e72fda11d,musanze_city,1,False,False
RWA-f90018ffe4bf124c,musanze_city,2,False,True
RWA-f951e4b93655f7ec,musanze_city,1,False,False
RWA-f96e640f67b16289,musanze_city,2,False,False
RWA-f9b125281df86acf,musanze_city,1,True,True
RWA-fa2645790de05280,musanze_city,2,False,False
RWA-faba1f0e2ebef1a3,musanze_city,1,False,False
RWA-fb3e5c09ee82570a,musanze_city,0,False,False
RWA-fb84376289e69f43,musanze_city,2,False,False
RWA-fbae18c4024ec60a,musanze_city,2,True,False
RWA-fbe32d11c52243a0,musanze_city,1,True,False
RWA-fbeea71a4c7d8ed3,musanze_city,2,False,False
RWA-fc014b33a65535bc,musanze_city,0,True,False
RWA-fc0b0aa0a65097c2,musanze_city,2,True,False
RWA-fc4671a3e7bab648,musanze_city,2,False,False
RWA-fc4feca873d500e1,musanze_city,2,False,False
RWA-fc891a874568e887,musanze_city,0,False,False
RWA-fc91d2a7a1432e86,musanze_city,0,False,False
RWA-fcbc96ae7deb9d21,musanze_city,1,True,False
RWA-fcd2b751e0152996,musanze_city,2,False,False
RWA-fcf9d53d8a90ca3c,musanze_city,1,False,False
RWA-fd3e537cb51c8897,musanze_city,1,True,False
RWA-fd66720ec3ba8130,musanze_city,1,False,False
RWA-fdb050b81b34fabb,musanze_city,1,False,False
RWA-fdf175677fce1968,musanze_city,1,False,False
RWA-fe32193764bf963e,musanze_city,1,False,False
RWA-fe81871dc93538fb,musanze_city,0,False,False
RWA-fe8758aba5b5f4f8,musanze_city,0,False,True
RWA-fe995dc6ab48cbb9,musanze_city,0,True,False
RWA-feb9b6f5065e32e0,musanze_city,1,False,False
RWA-fec5cb2a3c983fae,musanze_city,0,False,False
RWA-ff052ee992900f1a,musanze_city,2,False,False
RWA-ff17b3547c3e6298,musanze_city,2,False,False
RWA-ff1dd89cf008653b,musanze_city,1,False,False
RWA-ff253e0d98deb706,musanze_city,0,False,False
RWA-ff62a1c7e68d2829,musanze_city,1,True,False
RWA-ff79373fb6d782fe,musanze_city,0,False,False
RWA-ffa0e01e85da0e9d,musanze_city,1,False,False
RWA-ffbca6aa460ffa97,musanze_city,0,False,False
RWA-fffa9219ab1df55c,musanze_city,2,False,False
RWA-001b026a831e9b96,national,1,False,False
RWA-004aebb9d66f6210,national,2,True,False
RWA-009e46d82d6aabda,national,0,True,True
RWA-00bfab17f38623e2,national,2,True,False
RWA-00f11d2330ab3ec8,national,2,False,False
RWA-012b7ca9175096aa,national,2,False,False
RWA-01af4b894e49d0b2,national,1,False,False
RWA-01be149f9091ad60,national,0,False,False
RWA-01df2f9888f89811,national,2,False,False
RWA-02877a8cc6b54417,national,1,False,False
RWA-02a7253052dc22db,national,1,True,False
RWA-03140c409b02361a,national,2,False,False
RWA-032956be2eca868c,national,0,True,False
RWA-033d67b447cabfbe,national,0,False,False
RWA-03456e216701fd1c,national,1,False,False
RWA-03a01d8a5ac09c39,national,2,False,False
RWA-03ad787cc1508ce7,national,0,False,False
RWA-03c0742f0d3458cb,national,0,False,False
RWA-03c0f4ec44c270bf,national,1,True,False
RWA-043fb81aa88c73d0,national,0,False,False
RWA-047098bf299e1433,national,0,False,False
RWA-04aad4116f85c25c,national,0,False,False
RWA-04ec06d382c9f04d,national,2,False,False
RWA-051fabddbd7fc778,national,0,False,False
RWA-0536d84329738f92,national,1,False,False
RWA-058d96f71e0fded7,national,0,False,False
RWA-05a16874396f6065,national,2,False,False
RWA-062729c03dfaad83,national,1,False,False
RWA-062b3afc80895005,national,2,False,False
RWA-0632bbf0f17f64b6,national,2,False,False
RWA-064f46f3b9dd1ba8,national,2,True,False
RWA-0652c4684c620fb2,national,0,False,False
RWA-06c1a6a9464707de,national,0,True,False
RWA-06d249a168eb84ed,national,0,False,False
RWA-07173705ee6a827e,national,1,False,True
RWA-072b445b42b89da2,national,0,True,False
RWA-07a3719a771d73e0,national,1,False,False
RWA-07a5cb5b538028fc,national,1,False,False
RWA-07b3fc3829bfb802,national,0,True,False
RWA-07dc3936fe2aec2d,national,0,False,False
RWA-07e319d2437cee2b,national,2,True,False
RWA-07ea49f61def7359,national,1,False,False
RWA-081cd142861c40c1,national,2,False,False
RWA-081d2f565bb03e66,national,2,False,False
RWA-087d4d8633a0f62e,national,2,False,False
RWA-08a006ba5af7a0bf,national,1,False,False
RWA-094861cc263d2752,national,1,False,False
RWA-09692f3ba5684038,national,0,False,False
RWA-09b591e685e51d47,national,0,False,False
RWA-09e9e3a4d045ec17,national,1,False,False
RWA-09f021bb66cb5aa4,national,2,False,False
RWA-0a0d917b6f116913,national,0,False,False
RWA-0a225eff0c58c351,national,2,False,False
RWA-0a41fd286ffeff40,national,0,False,False
RWA-0a47b90da4e2480c,national,2,False,False
RWA-0a54a1ca32ecb9ca,national,2,False,True
RWA-0ab981dbe1e83872,national,2,False,False
RWA-0ad55a27a4f4221f,national,1,False,False
RWA-0af7ba1a5d9e2a59,national,0,False,False
RWA-0b5dcef068098632,national,0,False,False
RWA-0b772d03fbbb8294,national,2,False,False
RWA-0b888695be72e8ec,national,2,False,False
RWA-0ba63ca486ee3d2e,national,1,False,False
RWA-0bbaa974daecf763,national,2,False,False
RWA-0bc64ad1240ebe01,national,1,False,False
RWA-0c0643d561b91273,national,2,False,False
RWA-0c3ec18bb37a36a8,national,0,True,False
RWA-0c6facac01a0a7f5,national,1,False,False
RWA-0c81d2886943773b,national,0,False,False
RWA-0c8abaff42fcab8a,national,1,False,False
RWA-0c9f7568b47459a3,national,1,False,False
RWA-0cb03c4b78a9e090,national,0,True,False
RWA-0cdce76f28721778,national,1,False,False
RWA-0cfaac1e4bd07767,national,2,False,False
RWA-0d2870765078b85a,national,0,False,False
RWA-0d3bbddc67badd92,national,2,False,False
RWA-0d6d7ca4a6aca974,national,2,False,False
RWA-0d7220a005df7c08,national,1,False,False
RWA-0d7b5a9f3d478c21,national,2,False,False
RWA-0d87b2638250ecc5,national,1,True,False
RWA-0de7bd6b88be31c7,national,1,False,False
RWA-0df022e1ec83c4cd,national,1,False,False
RWA-0e07141dd9d4d265,national,1,False,False
RWA-0e399178957364a9,national,2,False,True
RWA-0e670527095e0823,national,1,True,False
RWA-0e78df33c483e62d,national,2,False,False
RWA-0eae9303117058bd,national,1,False,False
RWA-0eb3f223e9b87a4d,national,0,False,False
RWA-0eda983d336efb65,national,1,True,False
RWA-0eed995c28dd8bf0,national,0,False,False
RWA-0eef8ab17c7d46d9,national,2,False,False
RWA-0ef920ce4b85f978,national,0,False,False
RWA-0efd5f7b15acc50e,national,1,False,False
RWA-0f3c90496061751a,national,0,False,False
RWA-0f71902a097a6ced,national,1,False,False
RWA-0f82a508e5ff3ad7,national,0,False,False
RWA-0fb28452fde07109,national,1,False,False
RWA-0fd090c6320f32fd,national,2,True,False
RWA-0ff406da1461f18e,national,2,True,False
RWA-100ab302ee8b8478,national,2,False,False
RWA-1029db94989fdf2e,national,2,False,False
RWA-1034de8cfcb9cffe,national,2,False,False
RWA-109cf5400ecca637,national,0,False,False
RWA-10aa029ad1376428,national,0,True,False
RWA-10b99bc253131c02,national,2,False,False
RWA-10f004c82a9c7111,national,1,True,True
RWA-1190987ea6dddf01,national,2,False,False
RWA-11a46aa146cc6033,national,1,False,True
RWA-11de8f0c623e83e0,national,2,False,True
RWA-11decad3c515e24e,national,1,True,False
RWA-11f6322a61a5bc08,national,0,False,False
RWA-121c1c99db38eb34,national,2,False,False
RWA-122b83e30e547fdb,national,2,False,True
RWA-126840e211b5e112,national,2,False,False
RWA-12828f4230d2725d,national,0,False,False
RWA-12a2ca61a2e2cc79,national,0,False,False
RWA-12acf82448138a32,national,2,False,False
RWA-1318a7a0023945a8,national,1,True,False
RWA-131b18c562084d81,national,2,True,False
RWA-131c1fe7d9f9fb81,national,1,False,False
RWA-132b504091abbdcf,national,2,True,False
RWA-1349d730ddd0f741,national,2,False,False
RWA-136c532da88ddbe8,national,2,False,False
RWA-1390f036e062acdd,national,2,True,False
RWA-13e816d04dc3b7cf,national,2,False,False
RWA-1430f303bdfb88f3,national,1,True,False
RWA-14762f21a65f3b1e,national,0,False,False
RWA-1477782a56fb840e,national,1,True,False
RWA-149e0f649ac2fc47,national,1,False,False
RWA-14c42150c062d147,national,0,False,False
RWA-1513b2a0cf3e0bd3,national,0,True,False
RWA-152b7ae91b0f00ce,national,1,False,False
RWA-153370e745bcc3d7,national,0,False,False
RWA-1540f163331218ee,national,1,False,False
RWA-154b5663b53e8faa,national,0,True,True
RWA-15e4c4d834d46f5b,national,2,False,False
RWA-15fb8bf558732b89,national,2,True,False
RWA-15fba41410c9383d,national,2,True,False
RWA-1673f3519e675c03,national,2,False,False
RWA-17b07aa17e5923e1,national,2,False,False
RWA-17c100c9c4cd3e8d,national,1,False,False
RWA-17c2f7e6bafecde5,national,2,False,False
RWA-17ddc7776699cd9c,national,2,False,False
RWA-17e44075e16b0cbc,national,1,False,False
RWA-1864932b6d2763bc,national,1,True,False
RWA-186db4ae5ffd8669,national,1,True,False
RWA-188381ea245b5bfd,national,2,True,False
RWA-191568560e5f1418,national,2,False,False
RWA-19203fc0bdcde092,national,0,False,False
RWA-196bd98ac837d9ad,national,2,False,False
RWA-19786d2b17b56b31,national,1,False,False
RWA-1991962e4dc9c263,national,0,False,False
RWA-19aa25e3737f0a3d,national,1,True,False
RWA-19c79c2a70d4aecc,national,1,False,False
RWA-19d31cedefd0745e,national,0,True,False
RWA-1a10fad06ae3ed50,national,2,False,False
RWA-1a2318ab8e689f2f,national,0,True,False
RWA-1a85d3dbabcae621,national,2,False,False
RWA-1aa46c06ff6fbbcc,national,0,False,False
RWA-1ae14a7fcd0cff40,national,0,False,False
RWA-1b3625495fb35771,national,1,True,False
RWA-1b3b3116c80d2d6d,national,2,False,False
RWA-1b4c3ddd3f2ee19d,national,2,True,False
RWA-1b5d66511e7d1868,national,2,True,False
RWA-1ba2032c31ac7188,national,2,True,False
RWA-1bc49de4c373416f,national,0,False,False
RWA-1bc81bcdc467cde5,national,2,True,False
RWA-1bd06472aad6596a,national,0,False,False
RWA-1bd43ed52518d67b,national,1,False,False
RWA-1bedc8fa4d837ba1,national,0,False,False
RWA-1c11214320acdb57,national,2,False,False
RWA-1c26deeb0159b3c0,national,1,False,False
RWA-1c56353545cb1d6a,national,0,False,False
RWA-1c70b42632bb3c64,national,1,False,False
RWA-1c73922ee0b1dc0f,national,2,False,False
RWA-1c78812443a6ccbf,national,1,False,False
RWA-1cb1e58f11caad09,national,1,False,False
RWA-1cec9898a310fed5,national,1,False,False
RWA-1cf0ccd1b4ff2eae,national,0,False,False
RWA-1d4d095e428f08a0,national,0,False,False
RWA-1d60eb16845fd52a,national,0,False,False
RWA-1da3e54dbcbe2a57,national,0,False,False
RWA-1da581a3740cd3ea,national,2,False,True
RWA-1dceae5f733f2d10,national,0,False,False
RWA-1de02d546f1e0597,national,0,True,False
RWA-1dead91288e7986b,national,0,False,False
RWA-1e990f703c9869f4,national,2,False,False
RWA-1ea9cfd79aec74eb,national,0,False,False
RWA-1ee736723e80d646,national,0,False,False
RWA-1f1a1ab4da36a25b,national,1,False,False
RWA-1f444ed5fcbd4c55,national,0,False,False
RWA-1f60eff90c6cbd94,national,1,True,False
RWA-1f701a54ab00d95b,national,1,False,False
RWA-1fa4c1afdf7d2907,national,2,False,False
RWA-1facab39dd620a25,national,2,True,False
RWA-2016930715158b4c,national,1,False,False
RWA-2083d225b19a4480,national,1,False,False
RWA-209bc2ba93fd4bb0,national,0,False,False
RWA-20e46ec4c183074f,national,1,True,False
RWA-210460de073f4275,national,0,False,False
RWA-2114c65699c9cb18,national,1,False,False
RWA-211ee8bf3309cfcf,national,2,False,False
RWA-216ccad27bded840,national,2,False,False
RWA-21a48b2626d0d389,national,2,False,False
RWA-21ace6f7db2968b2,national,1,False,False
RWA-21bebf32709cc02d,national,0,False,False
RWA-21cd1af9198ac480,national,2,True,False
RWA-223176d259b87ae8,national,1,False,False
RWA-2297e12b692638c4,national,2,True,False
RWA-2302ab7c7b3c9126,national,1,False,False
RWA-230cf19ebbb3b50d,national,2,False,False
RWA-231e4ac61a33e978,national,0,False,False
RWA-237101a2a8cc4d12,national,2,False,False
RWA-23a540246b52860d,national,1,False,False
RWA-23ba4bff419f394b,national,0,False,False
RWA-240a213bf16da196,national,0,False,False
RWA-241eaef969a38ea2,national,0,True,False
RWA-243868a8ddc5298c,national,1,True,False
RWA-247c150a4506a66e,national,1,False,False
RWA-250c50f22480eb75,national,2,True,False
RWA-2514291ee70a36a2,national,1,False,False
RWA-2516eae500ff14a1,national,2,False,False
RWA-253fcb010b1a2a9b,national,0,False,False
RWA-254f78e9111c8c19,national,0,True,False
RWA-254fddb3748ccdb3,national,1,False,False
RWA-255baa83478d9a8e,national,1,True,False
RWA-256c584d56c12672,national,0,False,False
RWA-256e3c440890f904,national,0,False,False
RWA-25aa49cf31990cdc,national,1,False,False
RWA-25ab1996d839e7e3,national,0,False,False
RWA-26357e934aa85691,national,1,False,False
RWA-26ee7afac56503a2,national,2,True,False
RWA-26f27dc588d35d87,national,2,False,False
RWA-27594177018e94a6,national,1,False,False
RWA-2786c4d86e7528bb,national,2,False,False
RWA-2798e6644642179e,national,0,True,False
RWA-27a0d8aaece92b74,national,1,False,False
RWA-27d603366615be8f,national,2,True,False
RWA-27ed320571ff09b8,national,2,False,False
RWA-27efb464da5ef88f,national,2,False,False
RWA-28003d27c545b0f5,national,0,False,False
RWA-2802d18bd73db8b0,national,0,False,False
RWA-2828fc5c2ab6ae42,national,1,False,False
RWA-2830dc189562019e,national,2,True,False
RWA-28a1121fa5aa1c04,national,1,True,False
RWA-28bffb8728dfbf78,national,1,True,True
RWA-28db63058d6c6ca6,national,0,False,False
RWA-28e000075b1d03f6,national,2,False,False
RWA-28eb86db7c2dfab8,national,1,True,False
RWA-28f158f8fde109c1,national,2,True,False
RWA-290189968e22c928,national,0,True,False
RWA-2902f23c3fb71eab,national,1,False,False
RWA-290ebce37022b5a9,national,0,True,False
RWA-29114c757b8d077b,national,2,False,False
RWA-29466fbe05da50ce,national,0,True,False
RWA-2951b25f38c3784f,national,1,False,False
RWA-2985ada047e3cc8a,national,0,False,False
RWA-299f362503ca1534,national,2,True,False
RWA-29a292dadbc3989f,national,1,True,False
RWA-29ad3c261a3d68eb,national,0,False,False
RWA-29fe89d98fc854e5,national,2,False,False
RWA-2a59005a1c8220e4,national,0,False,False
RWA-2a7e22886fee9ed7,national,1,False,False
RWA-2ac9179533c111a8,national,1,True,False
RWA-2b925efebaeace32,national,1,True,False
RWA-2b9bfe863380364e,national,2,False,False
RWA-2c053526cd151d31,national,1,True,False
RWA-2c0f2be0b4b8ac2d,national,2,False,False
RWA-2c49c8fb2fc9b3aa,national,0,False,False
RWA-2c60bb191009c248,national,0,True,False
RWA-2c6c762a793874dc,national,1,False,False
RWA-2c8a7e62384251e6,national,1,False,False
RWA-2c9bf7ca6d325ce6,national,1,False,False
RWA-2cacb6e7393fdd18,national,2,False,False
RWA-2cb4b47ac253a247,national,1,False,False
RWA-2cb51f92c0221add,national,2,False,False
RWA-2cdc38e18a5b737b,national,1,False,False
RWA-2cfd650362179118,national,0,False,False
RWA-2d07e8b430c7fe37,national,0,False,True
RWA-2d22daf2a71a188f,national,0,False,False
RWA-2d260eb51715b2ce,national,0,False,False
RWA-2d61243642824bf6,national,0,True,False
RWA-2d71e1174aa9c95d,national,2,False,False
RWA-2dd31bec0ce5b976,national,1,True,False
RWA-2e069320d790938c,national,1,False,False
RWA-2e323abe831d68e4,national,1,False,False
RWA-2e436143f3da9c62,national,0,True,False
RWA-2e442f32d1f0c8f3,national,2,False,False
RWA-2e871f297828042b,national,2,True,False
RWA-2e899f9ba5d3c159,national,0,False,False
RWA-2eed381b6eae37c0,national,2,False,False
RWA-2f42d07580ba15a1,national,1,False,False
RWA-2f5105914d34ad8b,national,1,False,False
RWA-2f8f291cc0b2d3b8,national,1,True,True
RWA-2fa65c7d027a945d,national,1,True,False
RWA-2fab93078fa42435,national,0,False,False
RWA-2faf022e00b81975,national,0,False,False
RWA-301bacf76169a544,national,1,False,False
RWA-3027872784acc786,national,1,False,False
RWA-307c4ef6485ccdf9,national,1,True,False
RWA-30bff24b10cb348f,national,0,False,False
RWA-30daba4061ace5df,national,1,False,False
RWA-31189c0313c8f03f,national,2,False,False
RWA-311aaf52fe3e61c9,national,0,False,False
RWA-312811f267cc0763,national,0,False,False
RWA-3148391024167309,national,1,False,False
RWA-3179ed43b32ca851,national,2,False,False
RWA-3195b1a7e189daa8,national,1,True,False
RWA-31a2d9db59f24288,national,1,False,False
RWA-3237c43e88e91962,national,2,False,False
RWA-326476eb740cd315,national,2,True,True
RWA-32832891d9c2dc47,national,2,False,False
RWA-329f4e5abb0d559f,national,0,True,False
RWA-32d46dd9cf2ea874,national,0,True,False
RWA-3310ce1510568f15,national,1,False,False
RWA-33467678bae6ec08,national,2,False,False
RWA-33a76d4543e955cb,national,1,True,False
RWA-33ba76c2eed330ee,national,0,True,False
RWA-33c648d55953aa63,national,2,False,False
RWA-34103b4461380eb0,national,1,False,False
RWA-3425b5211628bbd5,national,2,True,False
RWA-342c1ef4b7e520e7,national,1,False,False
RWA-3461223b3c044ec1,national,0,False,False
RWA-34741fc984e367e0,national,1,False,True
RWA-34885fff4a440a4f,national,2,False,False
RWA-34ee6661d8452d13,national,1,True,False
RWA-3521b200d7003838,national,0,True,False
RWA-355279f5b2750df0,national,0,False,False
RWA-358b2ec2f46dc170,national,1,False,False
RWA-35d0b5901e8c3e16,national,2,False,False
RWA-35f5847023905071,national,1,False,False
RWA-36003ffd25f8f332,national,0,False,False
RWA-363caa209d00e6d5,national,0,False,False
RWA-36a0abce23969864,national,2,False,False
RWA-36e37bfd98be6cfe,national,2,False,True
RWA-36eed4f2ceab5256,national,2,False,False
RWA-370f6a1e4c1c6b18,national,1,False,False
RWA-37286af78b095947,national,1,True,False
RWA-3752cd67f1c6cfe0,national,0,False,False
RWA-375d0d6d79ec0ff4,national,0,False,False
RWA-37852626630bdfdd,national,0,False,False
RWA-37b97ab5bbf854bb,national,2,False,False
RWA-382a907773d08d08,national,1,True,False
RWA-383d8618e4ad29cb,national,2,True,False
RWA-384aaca3657fb6fb,national,1,False,True
RWA-384ee0a01eced935,national,1,False,False
RWA-3871e4b44669ba23,national,2,False,False
RWA-38950c0d6d4a2b4b,national,0,False,False
RWA-389909215a36ccd2,national,0,False,False
RWA-3907b8c79e3e223a,national,0,False,False
RWA-3938bbff3357fca3,national,2,False,False
RWA-3962ed2a80b7f223,national,1,False,False
RWA-39a989426a07f6ca,national,1,True,False
RWA-3a13d32c573d2137,national,2,False,False
RWA-3a4e6424fa456463,national,0,True,True
RWA-3a96b5a7771f96a7,national,2,False,False
RWA-3aa84e6d8a461635,national,0,False,True
RWA-3ab227c557f94892,national,1,False,False
RWA-3aec8f4bf24b4d5d,national,1,False,False
RWA-3b14b68a7647787f,national,0,False,False
RWA-3b5460795b3ad789,national,1,False,False
RWA-3b8c20e26935f37f,national,2,False,False
RWA-3ba73462167dff45,national,2,False,False
RWA-3bae79134b7c54d3,national,2,False,True
RWA-3bb44c0db278f201,national,1,False,False
RWA-3bcf4a57afed8e3d,national,1,False,False
RWA-3beb492ec3bc5727,national,1,True,False
RWA-3c2615fc6dccecfc,national,2,False,False
RWA-3c300452aa5062ea,national,0,True,False
RWA-3c78476bc9fe5a49,national,2,False,False
RWA-3c79a7f429e40b84,national,1,False,False
RWA-3c822a1c0ac985d1,national,0,False,True
RWA-3ca0fc638f0dd0d7,national,1,False,False
RWA-3cab50a01b47b931,national,0,True,False
RWA-3ccac6a6cf1ba677,national,2,False,False
RWA-3ceb1ce14edc9b3a,national,2,False,False
RWA-3d17b548c3a483ca,national,2,False,False
RWA-3d34342721afc509,national,1,False,False
RWA-3d3d6ce5baf79bbe,national,1,True,False
RWA-3d70768f62ee5ed9,national,0,False,False
RWA-3dbcff6126283282,national,0,True,False
RWA-3dd83516461bbdc5,national,2,True,True
RWA-3df83a557cbc9fc6,national,1,False,False
RWA-3dfc334d23f8be24,national,1,False,False
RWA-3e0316c1a7494c27,national,0,False,False
RWA-3e12147cb5a67f7d,national,2,False,False
RWA-3e4b91e16f5cc318,national,0,True,False
RWA-3e6caf401871aee2,national,2,False,False
RWA-3efe7dfbd054652f,national,0,False,False
RWA-3f472331394c2200,national,2,True,False
RWA-3f52502098341b3e,national,2,False,False
RWA-3f60dcf61c882668,national,0,False,False
RWA-3f7159b40cbb8297,national,1,False,False
RWA-3f81ed1fef5e9bd4,national,2,False,False
RWA-3f8e09debe4fa74d,national,0,False,False
RWA-3fcca66ff7048398,national,0,False,False
RWA-3fce0b1979b53dd5,national,0,True,False
RWA-40204c4a35079333,national,0,False,False
RWA-403d35ec8cbc80df,national,2,True,False
RWA-40565f4a2c0a9b26,national,2,False,False
RWA-4061c26d68719397,national,2,True,False
RWA-406c122c468f93ed,national,0,False,True
RWA-40cf1cccca952e48,national,2,True,False
RWA-40e6b52888a136bd,national,1,False,False
RWA-40f97735889d1582,national,1,False,False
RWA-4126f6a89701cd25,national,1,False,False
RWA-41433967107436df,national,1,False,False
RWA-415e273c88af8891,national,2,False,False
RWA-41766f296c008e16,national,2,True,False
RWA-418c7327581cd113,national,0,True,False
RWA-41dad849fc11d745,national,0,False,False
RWA-41f10b05b494a3fc,national,0,False,False
RWA-41f2ead5b03c90dd,national,0,False,False
RWA-42a2ea80d096510e,national,0,False,False
RWA-42bc568092c66ed8,national,2,False,False
RWA-42c8dab969ebc46b,national,0,False,False
RWA-42d1fbc479a83b79,national,0,False,False
RWA-430e4e272d8f86a4,national,1,False,False
RWA-434325b95e06c819,national,1,False,False
RWA-43737f156e89d230,national,1,False,False
RWA-4374f71e52022b45,national,1,False,True
RWA-43a1c9297a0fccc5,national,0,True,False
RWA-43b5253fb4ea2dc7,national,1,True,False
RWA-43d52500048c9e32,national,1,False,False
RWA-440ca2834215ed2b,national,1,False,False
RWA-4410e5c091a6973d,national,2,False,False
RWA-44248e4ee9b9039e,national,0,False,False
RWA-445ca66f9fad56b3,national,1,False,False
RWA-44b3842855660ee4,national,2,True,False
RWA-44c16a40428dd360,national,1,False,False
RWA-44fcf0b58caeddd7,national,1,False,False
RWA-4504321c101561de,national,1,False,False
RWA-451a58508b35fcca,national,0,True,False
RWA-4522d1578c244d16,national,1,False,False
RWA-4531a1158c393942,national,2,False,False
RWA-454d565fe0a0b9d4,national,2,False,False
RWA-4575ecc1885055d7,national,0,False,False
RWA-457b80cb1e3f36fb,national,2,False,False
RWA-45990130cc87ba73,national,1,False,False
RWA-45aa5d46cfbcc333,national,2,False,False
RWA-45f36b31a9615170,national,0,False,False
RWA-45f641b81827f602,national,1,True,False
RWA-4604ff70fa927e75,national,0,False,False
RWA-463d2e3204647297,national,2,False,False
RWA-46685b4a206ad6d4,national,0,False,False
RWA-47295133766a985c,national,2,False,False
RWA-474e84b72eeb4b0a,national,0,True,False
RWA-4754f44550d953c6,national,0,True,False
RWA-475e23af7d02cc43,national,1,False,False
RWA-47606630383e5139,national,2,False,False
RWA-4797e1b484770a3b,national,1,False,False
RWA-4814cd97bac2e4e3,national,0,False,False
RWA-482522002479cd70,national,2,False,False
RWA-482ffc38d6ee88e3,national,0,True,False
RWA-4850aa429fffbe32,national,1,False,False
RWA-4879cc59f92f9095,national,2,False,False
RWA-4965dc0257b7f7a5,national,1,True,False
RWA-497f0485e2980f5e,national,1,False,True
RWA-498ab8dd76bbd202,national,0,False,True
RWA-499b5f3c230e9a08,national,2,True,True
RWA-49a4c5a30fb81e35,national,0,False,False
RWA-49c5656961d410ab,national,1,False,True
RWA-4a01f3ff3570515f,national,2,True,False
RWA-4a2238352a8a123a,national,1,True,False
RWA-4aa4257eb5badd04,national,2,False,False
RWA-4abb78d5d4493e44,national,1,False,False
RWA-4b1b667d51d133e4,national,2,False,False
RWA-4b28a8592efec670,national,2,False,False
RWA-4b3d1ffba6fdef9b,national,2,False,False
RWA-4b4be56e1093235f,national,1,True,False
RWA-4bcaa82e008d6290,national,2,False,False
RWA-4c2fe02a299f3fac,national,2,False,False
RWA-4c55d6047b974f98,national,2,False,False
RWA-4c596cccc807d65b,national,2,True,False
RWA-4c6a092ca07a03b7,national,1,False,False
RWA-4c8947ace5cd4857,national,0,True,False
RWA-4c9b9b62ed6f35b2,national,2,False,False
RWA-4c9ceb6f9b07f69c,national,0,False,False
RWA-4cba343c0538f4bf,national,0,False,False
RWA-4d1a92b232597470,national,0,False,False
RWA-4d235a6117229405,national,0,False,False
RWA-4d2aa56d074c072d,national,0,False,True
RWA-4d55c3c322b0e0a7,national,1,True,False
RWA-4d61a1f828fe5c7f,national,2,False,False
RWA-4d623bce8deabf46,national,2,False,False
RWA-4d660f3183ed69ba,national,1,False,False
RWA-4d7e657f6bb80e38,national,0,True,True
RWA-4dabbe4a469ef585,national,1,True,False
RWA-4db7c4745d665594,national,1,False,True
RWA-4db9d8d84d44f6ef,national,1,False,False
RWA-4e3ce58cc6ab107c,national,0,False,False
RWA-4e659da736502a38,national,2,False,False
RWA-4f0f2fa8ae2b7927,national,2,False,False
RWA-4f2832e94eed8435,national,2,False,False
RWA-4f34bd35e010b057,national,2,False,False
RWA-4f3e2aa0716ee74d,national,1,True,False
RWA-4f5452976b410792,national,2,True,False
RWA-4f78b0d56b9b22fd,national,0,False,False
RWA-4fa1740377185d9d,national,1,False,False
RWA-502e94bea1f1864b,national,2,False,False
RWA-5031364db847a408,national,0,False,False
RWA-5044941f6bf32d4b,national,0,False,False
RWA-5058fc0f8a677cbe,national,0,True,False
RWA-5075ff2565854080,national,1,False,False
RWA-507699458c25b456,national,0,True,False
RWA-50815fbfeae2d7c1,national,0,True,False
RWA-5081a193100fd14f,national,2,True,False
RWA-5085cf7906ccb5fc,national,0,True,False
RWA-508bc656235a6b4e,national,2,False,False
RWA-50ec41784eec50af,national,1,True,False
RWA-50f2df1dd0328638,national,1,False,False
RWA-517db1ce9a37e51e,national,2,True,False
RWA-51c07a2c61415b7e,national,1,False,False
RWA-51c4b9913112d3b9,national,0,False,False
RWA-51de24dd27054113,national,0,False,False
RWA-51f5d2da8978006b,national,1,False,False
RWA-51f702aeb5d13b69,national,2,False,False
RWA-520cc70e0eb4f2ee,national,2,True,False
RWA-5263487b8f29fd0c,national,2,False,False
RWA-5287677ce81e9555,national,0,False,False
RWA-52ce98c96fac14ab,national,1,False,False
RWA-5326e56bb5caa985,national,0,False,False
RWA-53304b61015134c1,national,1,False,True
RWA-535bed3ec43459f3,national,1,False,False
RWA-536e503bcfa6e479,national,1,True,False
RWA-538779e3bf5c6efb,national,1,False,False
RWA-53dd75728adb9678,national,2,False,False
RWA-540a6cf24d958570,national,2,False,False
RWA-5497989a133252f6,national,2,False,False
RWA-54a5ebc42bfa1d15,national,2,False,False
RWA-54e4f5f0e24eb412,national,2,False,False
RWA-5511e76eeb66982c,national,1,False,False
RWA-555dd1ea8d9a0749,national,2,False,False
RWA-556e0551b413c786,national,1,False,False
RWA-556e74eb651e7987,national,1,False,False
RWA-55ec4ea72e21a7e2,national,1,False,False
RWA-56073dfdd27c70da,national,0,True,False
RWA-5638bc31b90d7086,national,0,True,False
RWA-563c708533adc409,national,0,False,False
RWA-564e227e3e321150,national,0,False,False
RWA-565e5b809f29801c,national,2,False,False
RWA-567052abd56fe6e8,national,1,False,False
RWA-56d36d9278eb2fa3,national,0,True,False
RWA-56db6c1a55ddeda5,national,0,False,False
RWA-570d5ee68e0d64e9,national,0,False,False
RWA-5740618748b39773,national,1,True,False
RWA-574beab851031cd7,national,1,False,False
RWA-5765b004ce37de52,national,2,False,False
RWA-576d59d23891ea02,national,0,False,False
RWA-57c8014fea02f0a1,national,1,False,False
RWA-57d3135b71adab42,national,0,True,False
RWA-57fc236228bce851,national,1,False,False
RWA-580cafa636a91168,national,0,True,False
RWA-585f4dffcbc1d0ed,national,2,False,False
RWA-5865ad580db2873e,national,1,False,False
RWA-58de9de97654673c,national,2,True,False
RWA-58ff1475cbfa316f,national,2,False,False
RWA-58ffbfd04ec6a97c,national,0,False,False
RWA-59447ceca7d70fb1,national,2,False,False
RWA-595766a85b05b4f4,national,1,True,False
RWA-59ac52530e383c74,national,1,True,False
RWA-59ecb538f5654447,national,2,False,False
RWA-59f693f13c3cc1af,national,1,False,False
RWA-5a0e7dd97557eef1,national,0,True,False
RWA-5a12764945861e97,national,2,True,False
RWA-5a31e24e69e1a5de,national,1,True,False
RWA-5ac76f2bd80ffe19,national,2,False,False
RWA-5ace9a175df9e23e,national,0,False,False
RWA-5ae96ce9293c0028,national,2,True,False
RWA-5afa21cb2f134659,national,1,False,False
RWA-5b7455a120ba86cb,national,1,True,False
RWA-5c0485fbbb4c8121,national,2,False,False
RWA-5c061589da0d1a4c,national,2,False,False
RWA-5c162ae34759cb8b,national,0,False,False
RWA-5c2e1ecae05c46af,national,2,False,False
RWA-5c4756b3d61e6b55,national,0,False,False
RWA-5c9a6b8693df623c,national,1,False,False
RWA-5cd5ee95822fe620,national,2,False,False
RWA-5cef631f3dab1882,national,2,True,False
RWA-5d8dfdacccbb0282,national,1,False,False
RWA-5dbac8702bffe7d8,national,2,True,False
RWA-5dc3d9fc7d7d4fb2,national,0,True,False
RWA-5dd400b0d48394aa,national,0,True,False
RWA-5dea8bac4e81f211,national,1,False,False
RWA-5dfa137f63ad39f2,national,1,False,True
RWA-5e2552add7e33c37,national,0,False,False
RWA-5e2a0d54aa299c80,national,0,False,True
RWA-5e31d1a0cdfbca52,national,2,True,False
RWA-5e47b63490d56ed7,national,2,False,True
RWA-5e6685d0a0acfa3c,national,0,False,False
RWA-5e81319703f3eff1,national,0,True,False
RWA-5e92262eb9af4efb,national,2,True,False
RWA-5ea02fbe0296773c,national,0,False,False
RWA-5ea79329feca257d,national,2,False,False
RWA-5f267178163e2230,national,2,False,True
RWA-5f631f1874b3842d,national,1,False,False
RWA-5f92b24e47e897fa,national,2,False,False
RWA-5fde5c6a8032fd19,national,1,False,False
RWA-5ff4685fede06ee9,national,1,False,False
RWA-602d65d3c38a686a,national,1,True,False
RWA-60314065cb152a91,national,2,False,False
RWA-605b6051db03658e,national,2,False,False
RWA-60c629b1540cd1fe,national,2,False,False
RWA-60c9ec6a23ca40d1,national,0,True,False
RWA-60f3e11287359d48,national,0,False,False
RWA-60f5285f68b79169,national,0,False,False
RWA-60f55045cf0158c9,national,0,False,False
RWA-611f5524935d6d0c,national,2,False,False
RWA-6136bd5f096ff094,national,2,False,False
RWA-614a4304fd8e07e2,national,2,False,False
RWA-619698cd0f7cd1dd,national,1,False,False
RWA-61abf0dcb6b6b832,national,2,False,False
RWA-61b0906c63da9e08,national,2,True,False
RWA-61c1189e7f086bbc,national,0,False,False
RWA-61e45abe21af1478,national,0,False,True
RWA-61f45f6f4b1523bd,national,2,True,True
RWA-61f51718da4b81dc,national,0,False,False
RWA-621d37b5f87233c9,national,0,False,False
RWA-622c5241881c694a,national,2,True,False
RWA-6231ecc5f7a269fc,national,1,True,False
RWA-6246eb48e9affe70,national,0,False,False
RWA-62ad964cd7f94d92,national,0,True,False
RWA-62c9101d85ec974a,national,2,True,False
RWA-62d081a5cadc8709,national,0,False,False
RWA-631fcc7a4c1c297a,national,0,False,False
RWA-635916c0cf402d7c,national,2,False,True
RWA-636015750f9832b1,national,2,False,False
RWA-6386bcefb7353ee8,national,0,True,False
RWA-639bb2edd8c01943,national,1,False,False
RWA-63a754c20c6f65e7,national,2,False,False
RWA-63c84810612c221c,national,0,False,False
RWA-63fa1b0589caf26d,national,2,False,False
RWA-6402deeaf5d4d0ea,national,2,False,False
RWA-6420298f38d9ac72,national,1,False,False
RWA-643b6ac58af3cc18,national,2,False,False
RWA-6445f8978e3df5f8,national,1,True,False
RWA-647f52a59acc21b8,national,2,False,False
RWA-64905989ee531066,national,1,False,False
RWA-64c96e215d04e650,national,2,True,False
RWA-64cfe55771ed1668,national,0,False,False
RWA-64d81e1a426baffc,national,1,True,False
RWA-64f3418b678a7963,national,1,False,False
RWA-652448c25fccfe83,national,1,True,False
RWA-655dd48377c288c6,national,1,False,False
RWA-657d57bfbb72b0a3,national,2,False,False
RWA-65d398d936a2aa25,national,2,False,False
RWA-65dadff64633a9e7,national,2,False,False
RWA-65f15a8cf1d8902c,national,0,False,False
RWA-65f300fad2d9d956,national,1,False,False
RWA-660ef9d163169464,national,1,False,False
RWA-663e0c718ab2b76d,national,0,False,False
RWA-66c05fab0bbf6028,national,2,True,False
RWA-66def0a4de6377c6,national,1,False,False
RWA-66fa6b09289aaef6,national,2,False,False
RWA-67248172ec164673,national,1,False,False
RWA-6728b14642c747ba,national,2,True,False
RWA-67cc63c6a0f1a106,national,0,False,False
RWA-67fd0e82acc0f615,national,1,False,False
RWA-680f9044667b12c0,national,0,False,False
RWA-685cfd5dee72990f,national,0,False,False
RWA-68b7738741cb9af1,national,0,False,False
RWA-68ccd4839460877d,national,2,True,False
RWA-6924474009cf7b29,national,0,False,False
RWA-69311f12385285b5,national,0,False,False
RWA-69623688cafb1765,national,2,True,False
RWA-6977704a666df755,national,1,False,False
RWA-69d4554b34210e14,national,1,True,True
RWA-6a2f877523838d54,national,1,False,False
RWA-6a3981a8f870961c,national,2,False,False
RWA-6a7b212425bfece5,national,1,False,False
RWA-6a8eb83ea9e63d46,national,2,False,False
RWA-6a903304a023b83b,national,1,False,False
RWA-6af7077bb5e23b13,national,0,True,False
RWA-6b3eecc8eb9fdbcc,national,2,False,False
RWA-6b763cc1ab88af68,national,2,False,False
RWA-6b8623b144c15a93,national,2,False,False
RWA-6b9810a492baf26e,national,2,False,False
RWA-6ba4009f0b0c9429,national,1,False,False
RWA-6c003190b43e878c,national,1,False,False
RWA-6c6762da0e781b49,national,0,False,True
RWA-6c6dda00d4a1dd46,national,1,True,False
RWA-6cc46040b8212880,national,2,False,False
RWA-6cd39ce61eda342e,national,0,False,False
RWA-6d031da15aa518b6,national,0,True,True
RWA-6d7559669e6ac1c6,national,2,False,False
RWA-6d904102bb18753e,national,2,False,False
RWA-6da906340f286751,national,1,False,False
RWA-6dcd1bc5dd71666a,national,1,True,False
RWA-6dd00673d2c0f2ff,national,0,False,False
RWA-6def7fecded0754e,national,0,False,False
RWA-6e389e56f7e1de1d,national,0,True,False
RWA-6e944ed0bdaec1b4,national,2,False,False
RWA-6ea259f10a70157f,national,1,False,False
RWA-6ed83d56fb4a2ba4,national,1,False,False
RWA-6ee5fefc5b477096,national,2,True,False
RWA-6ef2801ae4680cd1,national,0,False,False
RWA-6f09719f002644b7,national,2,False,False
RWA-6f1ac4f19889bbae,national,2,True,False
RWA-6f79c135b04f3ca9,national,0,False,False
RWA-6f7d0f9c2bf53795,national,1,False,False
RWA-6f90b21ccb7ff774,national,2,False,False
RWA-6fee8be54019583d,national,1,False,False
RWA-7059d57b62aa621b,national,0,True,False
RWA-707daf45a43ee9b3,national,2,False,False
RWA-70af772911fb7ae3,national,1,False,False
RWA-70f30734e2e2a860,national,1,False,False
RWA-70f3eaffc3bb6905,national,2,False,False
RWA-7114bf258bb324e3,national,2,True,False
RWA-718e3db00e442622,national,0,False,False
RWA-71c67cf92819934f,national,1,False,False
RWA-71f6636df534624a,national,2,False,False
RWA-7224fefa6f1054ba,national,0,False,False
RWA-7225271c2c175269,national,0,True,False
RWA-729af25f5e638125,national,2,True,False
RWA-72a5015057e1b977,national,1,False,False
RWA-72d6bf0981e50d54,national,2,False,False
RWA-72da11f80ff63aa2,national,2,True,False
RWA-73537927b58f2071,national,0,False,False
RWA-737de40843226a7d,national,2,False,False
RWA-73b2f31a09668e52,national,0,False,False
RWA-73bdfd91d2b81ec3,national,0,False,False
RWA-73c767f29bf3183f,national,2,False,False
RWA-73f40a1bc2cd5cb7,national,0,False,False
RWA-7417576cb7cf7a8f,national,2,True,False
RWA-74cad324f29bb40d,national,2,False,False
RWA-74daaf2ea19055dc,national,0,False,False
RWA-7518e1fb9e6e52a4,national,2,True,False
RWA-752d117f9eb32972,national,2,False,False
RWA-75c8f8e930d4f8e4,national,1,False,False
RWA-75ebf0b5f832c33d,national,0,False,False
RWA-766e1250087f08d5,national,0,False,False
RWA-76a9a1d437cb7e48,national,1,False,False
RWA-76d0a3de18c39646,national,2,True,False
RWA-76e03a6316e794e2,national,0,True,False
RWA-76f1f50bf62e8b36,national,0,False,False
RWA-76f2d4737f883adb,national,1,False,False
RWA-7729e6c62a0cee64,national,0,False,False
RWA-7737dda9fd12bd9a,national,2,True,False
RWA-773c1c4045608e2f,national,0,True,False
RWA-77892772c15f5ba8,national,2,False,False
RWA-779532c857938bb0,national,2,True,False
RWA-779b54b2ae04c089,national,2,False,False
RWA-77e6ce07f490c383,national,1,False,False
RWA-7829c04bfc99cb7c,national,2,False,False
RWA-785a900a7b86c594,national,2,True,False
RWA-787beb8c5e689195,national,2,False,False
RWA-78f11736e940e356,national,2,True,False
RWA-78fa3c09e80a5b17,national,0,False,False
RWA-7914171baf115f7f,national,1,False,False
RWA-791f27d08e53511b,national,1,True,False
RWA-79624b0c9e212e2a,national,0,True,False
RWA-79850de3ca6572f9,national,0,False,False
RWA-79f8efd4a2f9ec01,national,2,False,False
RWA-79fc269bf255d8ef,national,0,False,False
RWA-7a40d9972667092e,national,1,False,False
RWA-7a63b889c5ec82fc,national,2,False,False
RWA-7a6d4ddecfe7d87d,national,0,False,False
RWA-7a836e7088411a82,national,2,False,False
RWA-7a8b3166ae895d49,national,0,False,False
RWA-7abbc334e00ac45b,national,0,False,False
RWA-7ad9f941817aa776,national,2,False,False
RWA-7ae9ad03dd0e6d9b,national,0,False,False
RWA-7ae9ecdbf43ab9c4,national,0,False,False
RWA-7b44173d97fb3f4e,national,0,True,False
RWA-7b783ebf7b848be4,national,2,False,False
RWA-7be47ba295d1c493,national,1,False,False
RWA-7be744b6fe5c4d60,national,0,False,False
RWA-7bea32c5a69b1a61,national,0,True,False
RWA-7c0a2c954f6b58cc,national,2,False,False
RWA-7c15ff04b73225a6,national,1,False,False
RWA-7c1fb2a42e2ea721,national,0,False,False
RWA-7c56e9add7577369,national,1,True,False
RWA-7c6e122630fe216f,national,0,False,False
RWA-7cb70d82bb31cff4,national,1,False,False
RWA-7d2328019fb32136,national,0,False,False
RWA-7d3ceff9f2de4625,national,1,False,False
RWA-7d532f56eb769906,national,0,False,False
RWA-7e3a445c575dfb11,national,1,True,False
RWA-7ed3f3099cb706d4,national,0,False,True
RWA-7efd5097956e2162,national,2,True,False
RWA-7f0f46105840bc8d,national,1,True,False
RWA-7f833d237d0d3b6a,national,0,True,False
RWA-7feee1e3986246d6,national,0,False,False
RWA-80a8ff1b0e512f85,national,0,False,False
RWA-80e18197bd8c2db7,national,0,False,False
RWA-80e2ec4e55587938,national,2,False,False
RWA-81344a7cb2a8a8d1,national,0,False,False
RWA-8149bbda1b61fc4f,national,2,False,False
RWA-816b3b628eb6083d,national,2,False,False
RWA-81723d3d2a6bd1a7,national,1,False,False
RWA-8186d5d7cd3d2b90,national,0,True,True
RWA-818c76a8c69d7b20,national,0,False,False
RWA-819ee6225eaa7b1a,national,0,True,False
RWA-81c6ef6114cfb97f,national,2,False,False
RWA-81e3dd339cb89dba,national,2,False,False
RWA-82016123ac035166,national,1,True,False
RWA-82311dfa57ac891d,national,2,False,True
RWA-823675053f8839f8,national,2,False,False
RWA-829311e202c9ff9d,national,0,False,False
RWA-82a5ee3d14b0f3bf,national,2,True,False
RWA-830a2186c3d04151,national,1,False,False
RWA-830e453e27b8a2fe,national,1,False,False
RWA-834d12f8ef909891,national,0,False,False
RWA-83881e521c341d38,national,1,False,True
RWA-83955be904605f87,national,0,True,False
RWA-8398bfa186a486ee,national,1,True,False
RWA-83fc4dabf9f1cf49,national,1,False,False
RWA-8407220237c0e87a,national,1,False,False
RWA-845873bd7235d0c6,national,2,False,False
RWA-84640933bee018ca,national,2,False,False
RWA-84d5919c455610b3,national,0,False,False
RWA-8523fb04f7499503,national,1,False,False
RWA-85404177a228271d,national,1,False,False
RWA-8588436381c0db09,national,0,False,False
RWA-85cc1347e2d76290,national,0,False,False
RWA-863cd581ae1bbcfd,national,1,False,False
RWA-867557f7e6792b9d,national,0,False,False
RWA-86baf160a1694e8f,national,2,False,False
RWA-86d06caf96ab7de2,national,0,False,False
RWA-86f7061b558b89aa,national,0,False,False
RWA-8713a5192496726c,national,1,True,False
RWA-871be67dd48cc2f3,national,1,False,False
RWA-8750b0ea1f9f9845,national,0,False,False
RWA-8786bca4574ffea5,national,0,False,False
RWA-87c900a2d1e66df9,national,1,True,False
RWA-87ec36d7e127e70d,national,0,False,False
RWA-87f86ff03988e8a7,national,0,False,False
RWA-88318e08a133dd2a,national,2,False,False
RWA-8844dbaa384ad866,national,1,False,True
RWA-88c409eae535c057,national,2,False,False
RWA-88f37fe7c4004055,national,0,False,True
RWA-88f386d04e30697e,national,2,True,False
RWA-890e64645483451d,national,1,False,False
RWA-891af88fa20ed2a6,national,2,True,True
RWA-8923e01dea2719c1,national,2,True,False
RWA-892ff5cc9fafbd9e,national,1,False,False
RWA-8989e0999b452cfa,national,1,False,False
RWA-898b421168b1b2df,national,0,False,False
RWA-899de7b3bdb501d2,national,1,False,False
RWA-89c3e2b1f200f2e2,national,1,False,False
RWA-89ee676782a8e5d7,national,2,False,False
RWA-8a031e4350e67939,national,2,True,False
RWA-8a47fc1131c2483e,national,2,False,False
RWA-8a967f47e411f018,national,0,True,False
RWA-8aaa685d59dafff0,national,2,True,False
RWA-8af368a70c1d07db,national,0,False,False
RWA-8af625d1d640c6dc,national,2,False,False
RWA-8afd609e30f57a7d,national,0,False,False
RWA-8b0d158981d19a2d,national,1,False,False
RWA-8b210863d698010e,national,1,False,False
RWA-8b21b7ea8e3641fb,national,1,True,False
RWA-8b24e869c9fc22e0,national,1,False,False
RWA-8b7273a5a923faee,national,0,True,False
RWA-8b8fea7c37b25376,national,1,True,False
RWA-8b9b6ba99c484c76,national,0,False,False
RWA-8ba4e6f40c549cb8,national,0,False,False
RWA-8bda994abc914eec,national,0,False,False
RWA-8c262ccf5bab8395,national,1,False,False
RWA-8c38d1a95b01bf62,national,1,False,False
RWA-8c52dfa4681090a1,national,2,False,False
RWA-8c6117abf542531f,national,2,False,False
RWA-8c7000661b9238dc,national,1,True,False
RWA-8c751e7fe960ef99,national,2,False,False
RWA-8c9dccca68a7bf53,national,0,False,False
RWA-8cfe5d2cd3a3006f,national,0,False,False
RWA-8d085da9e1affc57,national,2,False,False
RWA-8d361654b141476b,national,1,True,False
RWA-8d5803d9fcbe0394,national,2,False,True
RWA-8d73842fd0eb5c7d,national,2,False,False
RWA-8e0734580d5f9c6c,national,0,False,False
RWA-8ebb9147fbabeae8,national,2,False,False
RWA-8ec8e98d31c6811b,national,0,False,False
RWA-8ed86356a9b26ef8,national,2,False,True
RWA-8edb566a645ed37b,national,0,True,False
RWA-8ef0d4ef99d288ec,national,0,True,False
RWA-8f049d74fd6eb1da,national,1,False,False
RWA-8f36bc2abeded859,national,1,False,False
RWA-8f979b7c2ebd00b6,national,1,True,False
RWA-8fba0cfac46848f7,national,0,False,False
RWA-8fba9aa842236426,national,1,False,False
RWA-8fc4a6fd11a10413,national,0,False,False
RWA-8ffa9c1c1947c1ef,national,1,False,False
RWA-90621afb7fe21cf7,national,0,False,False
RWA-9071b3029b39dfe1,national,0,False,False
RWA-911c50b0ec73b9c5,national,2,True,False
RWA-91573a5792176a59,national,1,False,False
RWA-9188b5042f161a48,national,2,False,False
RWA-91a7c436f6811d01,national,0,False,False
RWA-920ba3ca3e431a79,national,2,True,False
RWA-9212c03503c6f012,national,2,True,False
RWA-9214eb3666bdf3f7,national,2,False,False
RWA-9239a0f970306b39,national,0,False,False
RWA-92410a8418c02e3b,national,0,False,True
RWA-92457ecfe50a713b,national,2,False,False
RWA-925237126426dcab,national,1,False,False
RWA-928efdefe77907c8,national,1,False,False
RWA-92a6d68f95bdee4c,national,0,False,False
RWA-92c50f173fb7be16,national,1,True,False
RWA-92c5e0c6448a7254,national,2,False,False
RWA-92c68098d6ecf6ea,national,0,False,False
RWA-92d16fc3e9f6994a,national,0,False,False
RWA-92e254fc7b8c6999,national,2,False,False
RWA-92e55472158ea27f,national,0,False,False
RWA-92ed66e4b0dd04ad,national,0,False,False
RWA-92f541f92027aa5a,national,1,False,False
RWA-932aed517792c8c5,national,2,False,False
RWA-9343d52228e30280,national,1,False,False
RWA-936664c708338012,national,1,True,False
RWA-938df916d28ca4f4,national,0,True,False
RWA-939d283dabd16c50,national,2,False,True
RWA-93c3e19b21c17e31,national,1,False,False
RWA-9411a0625c0a70cc,national,1,False,False
RWA-943d9e8fb82c863c,national,1,False,False
RWA-9455539f64bf8d3e,national,2,False,True
RWA-947b86825c37eacb,national,2,True,False
RWA-94bcebed28402ed0,national,0,False,False
RWA-94fce58aa1c9c727,national,0,True,False
RWA-9539a6cd528a0bc5,national,0,True,False
RWA-955b64e4f61d9f94,national,0,False,False
RWA-9570cb745c6a95d8,national,1,True,False
RWA-958d3098be1747ad,national,0,False,True
RWA-960d8678f08c9364,national,1,False,False
RWA-961e3b494c9e1b30,national,2,False,False
RWA-96350dac86292d2f,national,2,False,False
RWA-96463c965c4590b6,national,2,False,False
RWA-9668218bfb049200,national,0,False,False
RWA-968b2fa14099462a,national,2,False,False
RWA-96a006a4c21f5f54,national,1,True,False
RWA-96ad819c6ffbc015,national,0,True,False
RWA-973644b1522b1fa1,national,1,False,False
RWA-97ca9bdc68130d3a,national,0,False,False
RWA-9817a9edf1e5318b,national,0,False,False
RWA-984d58d2d1f53225,national,2,False,False
RWA-9863a0a5fd3a589f,national,0,False,False
RWA-987c0b031ea64f88,national,0,True,False
RWA-98831c7c2e28ebdc,national,1,False,False
RWA-98be90dcd8a323eb,national,2,False,False
RWA-98e1a49e5ea5aefa,national,0,False,False
RWA-98fbcb34489e8034,national,1,False,False
RWA-99427ef4b267032d,national,2,False,False
RWA-99448e90c0cd6696,national,0,False,False
RWA-996534ffdf54ba53,national,1,False,False
RWA-997db63ec7d6a142,national,1,True,False
RWA-9986f5fbaf3f0e91,national,0,False,False
RWA-99ae4abe444591a5,national,1,False,False
RWA-99c930df6f41e842,national,0,True,False
RWA-99de35fc0c2babd9,national,0,False,False
RWA-9a153fc58734b896,national,2,False,False
RWA-9a19f43b70f5b92e,national,2,False,False
RWA-9a34c59ff81e83cc,national,0,False,False
RWA-9a721402aa0554e6,national,2,False,False
RWA-9a8f9dcfeddea835,national,2,False,False
RWA-9aa788870df1c15f,national,2,True,False
RWA-9aa862ce46a54c5e,national,1,False,False
RWA-9ab64821ea781340,national,1,False,False
RWA-9ac8c21effa0bc22,national,2,True,False
RWA-9ae7f721feb1b36a,national,2,True,False
RWA-9b3c933e74cb1e25,national,2,False,False
RWA-9b6905d55fd4345f,national,0,False,False
RWA-9b96d7ba8092f72e,national,2,True,False
RWA-9ba0c8d75de5c403,national,0,True,False
RWA-9bc1a5882918dd29,national,1,False,False
RWA-9bf1f3251c9d377a,national,0,False,False
RWA-9c34edffef8394b7,national,1,False,True
RWA-9c5708f29b2560e1,national,1,False,False
RWA-9ce572b5111b2d50,national,1,False,False
RWA-9cff33c28a2658dd,national,0,False,False
RWA-9d13de1884d49f54,national,0,False,False
RWA-9dbaff01c0f79c69,national,1,False,False
RWA-9ddc910a3a7f30e6,national,2,False,False
RWA-9deb9cf6f3e34c0c,national,0,False,False
RWA-9e1c6c84dc5a904b,national,0,False,False
RWA-9e27f9989c9b40a0,national,2,False,False
RWA-9e27fb215ed91788,national,0,False,True
RWA-9e767498e9c71753,national,0,False,False
RWA-9e914faa98b04ddf,national,1,False,False
RWA-9ea8793ee78e2237,national,0,False,False
RWA-9ebf546b959d4618,national,2,False,False
RWA-9ec5089714c10a33,national,1,True,False
RWA-9ed84fa5576de529,national,1,False,False
RWA-9eef2a29c033d11c,national,0,False,False
RWA-9f2cf623cb52bf2f,national,0,False,False
RWA-9fdcff867ee0b6ef,national,0,False,False
RWA-9ffdb8e2c01b18e9,national,0,False,False
RWA-a010556c6ad1418b,national,2,True,False
RWA-a0a755a7e2620167,national,2,False,False
RWA-a198d8056409fed6,national,2,False,False
RWA-a1d77099de890b54,national,0,False,False
RWA-a22e4ef653c41e69,national,2,False,False
RWA-a26b8bb3aeae08a2,national,0,False,False
RWA-a2759a9e178b7854,national,1,True,False
RWA-a282f58c58750cf7,national,2,False,False
RWA-a2d726be02eedc61,national,1,False,False
RWA-a2dfa08bef78c817,national,0,False,False
RWA-a2f1fc5f2d984313,national,2,False,False
RWA-a3630fcbbc729d70,national,1,False,False
RWA-a38757cbec6dc629,national,2,False,False
RWA-a3d0e7f29e1b72eb,national,2,False,False
RWA-a4c328bcde3f6f54,national,1,False,False
RWA-a4c47ad6fced7e5a,national,2,True,False
RWA-a50164d9eccf68b7,national,2,False,False
RWA-a50f8f738cdc3331,national,0,True,False
RWA-a526151b9f443a5b,national,0,False,False
RWA-a5271c3d949c361e,national,0,True,False
RWA-a54369824fa58941,national,0,False,False
RWA-a547f002a1a067d9,national,1,True,False
RWA-a551e1f08776a79c,national,1,False,False
RWA-a58ca6accfc34618,national,0,True,False
RWA-a5b128c02f7b2c8c,national,2,False,False
RWA-a5d4418097c066e9,national,0,False,False
RWA-a5d5f9cc6e25ef1b,national,0,True,False
RWA-a5f1ed9b3058b7d8,national,1,False,False
RWA-a6085faa5dc70c63,national,2,False,False
RWA-a62079a65ee28a19,national,1,False,True
RWA-a623c2d5d68f52fb,national,2,False,False
RWA-a641be8d342e2d0e,national,2,False,False
RWA-a671ada266197cf3,national,2,True,True
RWA-a6dead44544d109a,national,1,False,False
RWA-a6e3dae5c077d513,national,0,False,False
RWA-a6f18a91592ed79b,national,1,True,False
RWA-a6f24599b82183be,national,0,False,False
RWA-a6f9e49736db1ee7,national,2,False,False
RWA-a70759106b0b97da,national,2,False,True
RWA-a72822d035638bf0,national,2,True,False
RWA-a72f02cc63f684ce,national,0,False,False
RWA-a749da21b74bca9f,national,1,False,False
RWA-a755f4ce699c1b6c,national,2,True,False
RWA-a75ca71d24f58138,national,2,False,True
RWA-a77fcd83f7da615a,national,2,False,False
RWA-a7939547abc9ff2c,national,0,False,True
RWA-a7a9ec8f0ca2592e,national,0,False,False
RWA-a7cddea869f1712d,national,0,False,False
RWA-a7f47894de71b5d5,national,1,False,False
RWA-a865de12476e820a,national,2,False,True
RWA-a8799e5e974229d0,national,0,False,False
RWA-a88b48779cb96c8e,national,0,True,False
RWA-a896aa86429a3352,national,2,True,False
RWA-a8adf80f4b07a223,national,0,False,False
RWA-a8bda29cd1eb28b4,national,2,False,False
RWA-a8d88b419eea400e,national,2,False,False
RWA-a8e078f1d52e56b1,national,1,False,True
RWA-a8f8bae78d52c8fa,national,0,False,False
RWA-a9094f530e8bb39a,national,2,False,False
RWA-a9386ab4074fd6bb,national,1,False,True
RWA-a9847b13e57a8c1b,national,0,False,False
RWA-a9d3c592d10d45df,national,1,True,False
RWA-a9e3bc785b1729a4,national,1,True,False
RWA-a9ed3bac27386abb,national,1,True,False
RWA-a9f640939e39fe5f,national,1,False,True
RWA-aa1744667a4fbef0,national,1,False,False
RWA-aa1ba733ef43c88e,national,2,False,False
RWA-aa53522feaedf676,national,1,False,False
RWA-aa85dbe5e35ecc11,national,2,False,False
RWA-aa98b7c6887685d8,national,1,False,False
RWA-aac2ccc8a20c6790,national,0,True,False
RWA-aad64048fe65dab4,national,0,False,False
RWA-aae2a9e9ee310f3f,national,2,False,False
RWA-ab6c3a3552d3739e,national,0,True,False
RWA-abc7cb68c068b5b5,national,2,False,False
RWA-abd361e2043956da,national,1,False,False
RWA-abda405f92247a24,national,1,False,False
RWA-ac3154605b70c26c,national,2,False,False
RWA-ac73cee6826ca03c,national,2,True,False
RWA-aca2b353a8ef5581,national,0,True,True
RWA-aca3c69279381b26,national,2,False,False
RWA-acbeae67177e4880,national,2,True,False
RWA-acc322644ef42fca,national,2,False,False
RWA-acd50a86b4b3970d,national,1,False,True
RWA-acdf2556f10fc033,national,0,False,False
RWA-ad8c70b09e914b8a,national,0,False,False
RWA-adaafe75f449659b,national,0,True,False
RWA-aeb9e5f5ea1fe913,national,1,False,False
RWA-aed45ff0955cc97d,national,0,False,False
RWA-aed881df1d261dd3,national,1,False,True
RWA-af01d18bfd96b81d,national,1,False,False
RWA-af051cc3fe3920f4,national,1,False,False
RWA-af13cb6050c30820,national,1,False,False
RWA-af948e7edda8dc59,national,0,True,False
RWA-afa2bb3777ea0f86,national,2,False,False
RWA-afc6eb7f9eeefe99,national,0,False,False
RWA-b09186aba7dcea3a,national,1,False,False
RWA-b0c2cd64a0dd6114,national,1,True,False
RWA-b0d9f3a160024231,national,1,True,False
RWA-b0e6e5abbecbb4d3,national,0,False,False
RWA-b0f019a4a1fa7cd1,national,1,True,False
RWA-b0fa44516b685e55,national,0,True,False
RWA-b0fe875ad91740f8,national,2,False,False
RWA-b14670f7ad5c4b44,national,1,True,False
RWA-b16d6d963ba0336e,national,1,False,False
RWA-b2ad9a0678544f93,national,0,False,False
RWA-b2b87b936807f424,national,2,True,True
RWA-b2c4c7ff6477524a,national,0,False,False
RWA-b326df01bef5d504,national,0,True,False
RWA-b355ae7b982bdcf5,national,0,False,False
RWA-b38eab9639447e58,national,2,False,False
RWA-b41f4623f3d9efca,national,1,False,False
RWA-b4650dfd843e2c82,national,1,False,False
RWA-b47d66c4f0605088,national,0,False,True
RWA-b48901e9b1f9bca6,national,0,False,False
RWA-b48f816419f219fd,national,1,False,False
RWA-b49e7adcc5aa6c7d,national,1,False,False
RWA-b4be890d48b10df1,national,1,False,False
RWA-b4f9be89350b905e,national,1,True,False
RWA-b54243627139481b,national,2,False,False
RWA-b54539122c64cba3,national,0,True,False
RWA-b549456df37bf877,national,1,False,False
RWA-b5be2117436dc32a,national,1,False,False
RWA-b6171b92fe5c122f,national,1,False,False
RWA-b62c064a51543025,national,1,True,False
RWA-b667cefdc475e192,national,2,True,False
RWA-b67604f9870957da,national,0,True,False
RWA-b6a0ee7cbd10b290,national,0,False,False
RWA-b6bb91f99dd9c9df,national,2,False,False
RWA-b6cc11e5c1acaba8,national,0,False,False
RWA-b70ba0b072c629d6,national,2,False,False
RWA-b71d0635bab828fb,national,1,False,False
RWA-b7277ea5ca3b06cf,national,2,False,False
RWA-b736cc3a1fd019a5,national,2,False,False
RWA-b7508aa61b0d1397,national,1,False,False
RWA-b76e1cf7ea3507b7,national,2,True,False
RWA-b7b8d2cae74acf44,national,2,False,False
RWA-b7dbce5318ef09d3,national,2,False,False
RWA-b88cb4d3b8c89930,national,0,False,False
RWA-b89be902ab646d1c,national,0,True,False
RWA-b8a40e2f87c2e3d4,national,0,True,False
RWA-b8e0e6b098902c4c,national,2,True,False
RWA-b8e1d434770cdf30,national,2,False,False
RWA-b90283f0b0c59410,national,2,False,False
RWA-b911a55e4d87aa19,national,1,False,False
RWA-b9191e73380c04b2,national,0,True,False
RWA-b959d2039e02c2ec,national,0,False,False
RWA-b95c04c0022f4eeb,national,1,True,False
RWA-b9c47785be11d157,national,1,False,False
RWA-b9d97bcfdbba0ed6,national,2,False,False
RWA-ba5906824a85edf3,national,2,False,True
RWA-ba7475015816a66d,national,2,False,False
RWA-ba8be8d121104238,national,1,True,False
RWA-ba9076f6691348bf,national,0,False,False
RWA-bab6ecb74aa281b5,national,1,False,True
RWA-bb15e135fb95e856,national,0,False,False
RWA-bb9ce9f907082980,national,1,True,False
RWA-bcb68b55685f6b38,national,0,False,False
RWA-bcba167ee5e7d7fc,national,1,True,True
RWA-bcfd99ae63b22616,national,1,False,False
RWA-bd0b86c834e5ec25,national,1,False,False
RWA-bd4fd69cd3555e9e,national,1,True,False
RWA-bd78c125194167c5,national,1,False,False
RWA-bd85fbe071b8450c,national,2,False,False
RWA-bda6fc5863be6702,national,0,False,False
RWA-bdb12cb0236d64b8,national,2,False,False
RWA-bdc21cfb97b3ce0f,national,1,True,False
RWA-bdcbaf3920208534,national,0,False,False
RWA-bdd6f6ba60bb5d8e,national,1,False,False
RWA-bde5d86438212944,national,0,False,False
RWA-bdf0bec4028edc78,national,0,True,False
RWA-bdf88d596b56dd14,national,2,True,False
RWA-be1d8d73ed59d5d9,national,2,False,False
RWA-be54357b2d38532d,national,1,True,False
RWA-be990b66063a282b,national,2,False,False
RWA-bec99a5a40855e35,national,2,True,False
RWA-bed4ce9ddf8977d2,national,2,False,False
RWA-bed9fcf19f2a0c00,national,2,False,False
RWA-bf065d63ef35ebb2,national,1,False,False
RWA-bf0cf41f41b09037,national,0,False,False
RWA-bf3e5657aef3f94b,national,1,True,False
RWA-bf69f0bbc426c9cc,national,2,True,False
RWA-bf6cb9bea3334204,national,2,False,False
RWA-bf70f4ed6caaac50,national,1,False,False
RWA-bf872c4a71597088,national,1,False,False
RWA-bfa4adb551519585,national,0,False,False
RWA-bfd70467fec91fd9,national,0,False,False
RWA-c09ceabcf15b5f81,national,0,False,False
RWA-c0d2a9bebf5f0e6b,national,0,False,False
RWA-c136134dae5d8448,national,0,False,False
RWA-c158a54f8d6d5114,national,1,True,False
RWA-c18835ac29c55a3b,national,1,False,False
RWA-c18cd0f7871bd9d1,national,0,False,False
RWA-c19d27335f036182,national,0,False,False
RWA-c1abfb86c3ba3fb1,national,1,True,False
RWA-c1be869c264c0f57,national,0,False,False
RWA-c201850304fc7f8a,national,1,True,True
RWA-c2c4f71abfc7aeaf,national,2,False,False
RWA-c339cf8fa4af8390,national,0,True,False
RWA-c3603e7307cf83a0,national,2,False,False
RWA-c3d505392e21f841,national,1,False,False
RWA-c42205a2a0496ef9,national,1,False,False
RWA-c42d6e3e73047628,national,2,False,False
RWA-c4bd75f64e318998,national,2,False,False
RWA-c4e9400cb98b02bf,national,0,False,False
RWA-c5292338cbc48326,national,1,True,False
RWA-c53c8d1d0e1708f4,national,1,False,False
RWA-c548e59f93826a65,national,1,False,False
RWA-c55849686de15ad2,national,1,False,False
RWA-c55b4c613cd3239c,national,0,False,False
RWA-c5603cf5e7c7ed9a,national,2,False,False
RWA-c5c31b2eab4a0e4a,national,0,False,False
RWA-c5c455185f230490,national,2,False,False
RWA-c6140bc50c41d80c,national,0,True,False
RWA-c642069f2b8b6666,national,2,False,False
RWA-c64adb46d5acf062,national,0,False,False
RWA-c66bb44b42a19700,national,1,False,False
RWA-c69e3a9da13da0af,national,0,False,False
RWA-c6d63c537786e94e,national,2,False,False
RWA-c73c35d880c93dcc,national,0,False,False
RWA-c7762cf7050afc8c,national,0,True,False
RWA-c7d75be3f3db024c,national,0,False,False
RWA-c805525ed9e5f35e,national,1,True,False
RWA-c82076fa98129a1b,national,1,True,True
RWA-c9283c97e91ee538,national,0,False,False
RWA-c9380ac00bb89c82,national,1,False,False
RWA-c9e526eb7a7a6a0c,national,0,False,False
RWA-ca2e6aec7aa1568c,national,2,False,False
RWA-ca374869c1d3895f,national,0,False,False
RWA-ca96c92c24e140d4,national,1,False,False
RWA-cabfe314e83e9ede,national,2,False,False
RWA-cb22801650829a4b,national,2,True,False
RWA-cb39e88ac1a3c691,national,0,False,False
RWA-cb6cdf7c4fea7ca5,national,0,False,True
RWA-cba7d922029f1178,national,2,False,False
RWA-cc1c85810bbf5bda,national,2,False,False
RWA-cc547692e4d357f9,national,1,True,False
RWA-cc7e345412aa814a,national,1,False,False
RWA-ccf725107b89f99b,national,1,False,False
RWA-cd3b8ea3b6b11c86,national,2,False,False
RWA-cd5a43513afb77cb,national,1,True,False
RWA-cd8cfecd40d1d60c,national,1,False,False
RWA-cddfb8a13070fbba,national,1,True,False
RWA-ce456687ff5a9b9c,national,0,False,False
RWA-ce56aa312bc896b9,national,1,False,False
RWA-ce82d685f251a6b4,national,2,False,False
RWA-ce9e187b9b9a8926,national,2,False,False
RWA-cf26b9080f1f5e03,national,2,False,False
RWA-cf801f572556de48,national,0,False,False
RWA-cfd9036ca8ee2721,national,1,False,False
RWA-cff4a7e91904aad3,national,0,True,False
RWA-d044a5a069bbbcd2,national,0,False,False
RWA-d04a9ff7aaf5bdd3,national,2,True,False
RWA-d05af44f2bf12136,national,1,False,False
RWA-d060d08ed83e22a6,national,1,False,False
RWA-d06a5d694c9f5797,national,1,False,False
RWA-d0ee80fc3c9af41c,national,1,False,False
RWA-d160b0a143c2a62b,national,1,True,False
RWA-d1e28f57527a26c0,national,1,False,False
RWA-d20e2419b5fe3c5c,national,0,False,False
RWA-d26810b296eeb943,national,0,False,False
RWA-d28013b424a89684,national,0,True,False
RWA-d2a82ed12be22571,national,0,True,True
RWA-d2aaa756763ab89c,national,2,False,False
RWA-d2ab2c7ae2e2730f,national,2,False,False
RWA-d2d9ce12bc60ced2,national,1,False,False
RWA-d2eff7a6f52b3dfe,national,0,False,False
RWA-d2fbdb392cc60e28,national,1,False,False
RWA-d32a85d86d6fc484,national,0,False,False
RWA-d32d36ab42c758d8,national,1,True,False
RWA-d3c0476293d2533a,national,2,False,False
RWA-d3dad6d6f3c9429b,national,2,True,False
RWA-d3f00b60e8286edd,national,0,True,False
RWA-d4091e4539ca5bbe,national,1,True,True
RWA-d40a8c525472a9b9,national,1,True,False
RWA-d40b70633454b261,national,1,False,False
RWA-d426d741fcdc5d97,national,0,False,False
RWA-d4e07d7c29ebc09f,national,1,False,False
RWA-d54fb96b812de93b,national,1,False,False
RWA-d5bc81e10c257390,national,2,False,False
RWA-d6a67e07453aaea7,national,2,False,True
RWA-d710c8683aa27a41,national,1,False,False
RWA-d71aea11cd48a82e,national,2,False,False
RWA-d7261dee15524a6f,national,0,False,False
RWA-d7825a96bd349f48,national,1,False,False
RWA-d782f316472f81e9,national,2,False,True
RWA-d7b39719172bab5d,national,2,False,False
RWA-d7c61c9216fb3dd1,national,2,False,False
RWA-d7dbe6ee71cb19db,national,2,True,False
RWA-d7fb87cfba5d924c,national,1,True,False
RWA-d826bfec0675e308,national,1,False,False
RWA-d858697fa5b3f907,national,1,False,False
RWA-d8a5f6b44f2c042b,national,0,False,False
RWA-d8aeba4b05cc3b57,national,1,False,False
RWA-d8e631e5e7ea8f39,national,0,False,False
RWA-d900ff574eeb909d,national,1,False,False
RWA-d938e1d3bfc6bc9a,national,1,True,False
RWA-d967c621567e464c,national,0,False,False
RWA-d9b57c05a8b734b4,national,1,False,True
RWA-d9c0add43d29024f,national,1,False,False
RWA-d9e6a467d52e6675,national,0,False,True
RWA-d9e866d8f97d95ae,national,1,True,False
RWA-d9f93de3084a48e5,national,2,False,False
RWA-da1f5b57b2f69869,national,0,True,False
RWA-daa8e1ce09e4d123,national,0,False,False
RWA-daa949a6256333fd,national,0,False,False
RWA-dadd4f1810f20c9f,national,1,True,False
RWA-db0bffdc87314f5e,national,0,False,False
RWA-db9943c9a881ebd3,national,1,False,False
RWA-dba40a86d417b076,national,0,False,False
RWA-dbe5de2f33abc867,national,2,True,False
RWA-dc62209c3f81bce3,national,1,False,False
RWA-dca77afb3b4b3cc2,national,1,False,False
RWA-dcd4a512914bbc27,national,0,False,False
RWA-dce408907a265c41,national,1,False,False
RWA-dcf958956f804eac,national,1,False,False
RWA-dcfc943257fee872,national,1,False,False
RWA-dd1520aa51ae7565,national,0,False,False
RWA-dd161cbd8f91263e,national,2,True,False
RWA-dd1ae236f221d86d,national,0,False,False
RWA-dd309ca394a5a833,national,0,False,False
RWA-dda18800043fbfdd,national,1,False,False
RWA-ddd446b96506915c,national,0,False,False
RWA-de25e87c3265f9d1,national,1,False,False
RWA-de403c54638b024b,national,2,True,False
RWA-de4173d72451861e,national,0,False,False
RWA-de6f280396a89b5e,national,0,True,False
RWA-de7439083ef11631,national,0,False,False
RWA-de9790c0ee74fc1b,national,2,False,False
RWA-de99cc69993dc893,national,1,False,False
RWA-ded92040a4c17615,national,2,False,False
RWA-dedb7665f0c24a06,national,1,False,False
RWA-dee8189e585cf4f9,national,1,False,False
RWA-deef38a1dc0f54d9,national,0,True,False
RWA-df02bff6b8d0fe8d,national,1,False,False
RWA-df70853959575397,national,2,False,False
RWA-dfe38c980b730882,national,2,False,False
RWA-dff81b3b37f99de4,national,2,True,False
RWA-e00ad17de49c588a,national,0,True,False
RWA-e0426df0b496b70b,national,0,True,False
RWA-e09a96d72325177b,national,2,True,False
RWA-e13bd11d3ae16c85,national,1,False,False
RWA-e14689fd1b2b2389,national,2,False,False
RWA-e15af7c938270f9c,national,1,False,False
RWA-e15f9a2f0ecd2c9b,national,2,False,False
RWA-e18fbef09a7044f0,national,1,False,False
RWA-e1a260402dcc3c04,national,1,False,True
RWA-e1b9783c4b91b7eb,national,0,True,False
RWA-e23fa8b9a5abebbf,national,1,True,False
RWA-e241c452a3c21fa1,national,2,True,False
RWA-e244de47f06d431d,national,1,True,False
RWA-e2493dbb89455360,national,2,False,False
RWA-e24e24093d4546be,national,2,False,False
RWA-e24f5771e8d35163,national,2,False,False
RWA-e2e85cb2c79f8e13,national,2,False,False
RWA-e2ecd43373f206f1,national,1,False,False
RWA-e2f2cbddd6929aca,national,0,False,False
RWA-e305edec4acd8615,national,1,False,False
RWA-e32456bddacecd1e,national,0,False,False
RWA-e3574b11699ff40b,national,1,False,False
RWA-e35986ab69a825c0,national,2,False,True
RWA-e362ef2848362aac,national,0,False,False
RWA-e369a250928ebf9e,national,2,True,False
RWA-e38e71e564b037fa,national,0,False,False
RWA-e3ab63106efb1122,national,1,False,False
RWA-e3be70a845c73fba,national,0,False,True
RWA-e3f7b883b71b5190,national,2,True,False
RWA-e400a3ef7510f7c4,national,1,False,False
RWA-e410393ff9106bc1,national,1,False,False
RWA-e42509f7694ef568,national,0,True,False
RWA-e43c19b042a8af7b,national,1,False,True
RWA-e4454b432a472888,national,2,True,False
RWA-e45097aaed1637ad,national,0,False,False
RWA-e48efdd6bd134dbc,national,0,False,False
RWA-e4bff0563efc2c72,national,1,False,False
RWA-e50fbe7d62bbbf16,national,0,False,False
RWA-e51d73cc8ad6e5e4,national,2,False,False
RWA-e54df5695bb8944f,national,0,False,False
RWA-e5d0f3f098e4e3f1,national,0,False,False
RWA-e5d2fbc6d25b463c,national,2,False,False
RWA-e624bd357c894c2e,national,2,False,False
RWA-e696df3efab304d4,national,2,False,False
RWA-e70ac4f0f5fe5343,national,1,False,False
RWA-e70f6aa81098149e,national,1,False,False
RWA-e7da6d12fa72a7e1,national,1,True,False
RWA-e8728bd0d19d54e7,national,1,False,False
RWA-e87cec893d64ade6,national,0,False,True
RWA-e8a295028c831146,national,2,False,False
RWA-e8bbd8973b32f1c6,national,2,False,False
RWA-e90546083114bea2,national,1,False,False
RWA-e98a89098d69301c,national,1,False,False
RWA-e9c2ec8d33e02afe,national,1,False,False
RWA-e9e7430bbe2168b0,national,1,False,False
RWA-e9faa5339e6f7528,national,1,False,False
RWA-ea073f503c18d2f8,national,0,True,True
RWA-ea3924f4c5186d7b,national,2,False,True
RWA-ea702ebe29fbb7e2,national,1,False,False
RWA-ea7691266a6f8f49,national,1,False,False
RWA-eaaf41c2c1f253e1,national,2,False,False
RWA-eab1d010d81d3e1c,national,0,False,False
RWA-eac5638f7b0e8def,national,0,False,True
RWA-ead642ba3b05edc0,national,2,True,False
RWA-eb11e53bdbae310c,national,1,False,False
RWA-eb206b326c9787d4,national,1,False,False
RWA-eb345ccf026b6236,national,2,True,False
RWA-eb43963ba9e733f3,national,2,False,False
RWA-eb4b886667b87124,national,1,False,False
RWA-ebf7cc05875de24b,national,1,False,False
RWA-ebf93902c1f47bdb,national,2,False,False
RWA-ec9db5ae5914f9fa,national,0,False,False
RWA-ed40409dfb91e920,national,2,False,False
RWA-ed4666c6ef2c2e44,national,2,True,False
RWA-ed4bc99e861d05b4,national,2,False,False
RWA-ed4c6622449f9c3a,national,2,False,False
RWA-ede3da1aa1b0a967,national,2,False,False
RWA-ede7d0c71c139f0d,national,1,False,False
RWA-edff9765def57cee,national,1,True,False
RWA-ee059d5bfadf4167,national,0,False,False
RWA-ee12f12548ccdc3a,national,1,False,False
RWA-ee24ced9fa165611,national,2,False,False
RWA-ee3af081e24fcd61,national,1,False,False
RWA-ee3f03da6b9259dd,national,2,False,False
RWA-ee78c5c49d030581,national,0,False,False
RWA-ee89b47d6bbe04bf,national,2,True,False
RWA-ef5b213682a8dcc6,national,1,False,False
RWA-ef9d418306d0fec9,national,1,False,False
RWA-efb655b72f280bd8,national,0,False,False
RWA-efdbf21c7c16b59b,national,1,False,False
RWA-eff26702d4faa542,national,1,False,False
RWA-eff99f7e8b2683c9,national,2,False,False
RWA-f00d77598cf26fd5,national,2,True,False
RWA-f02fe599810f0498,national,1,True,False
RWA-f079f179d14d2441,national,1,True,False
RWA-f0f38de4cbf2ff8d,national,0,False,False
RWA-f1247bff509c338e,national,1,False,False
RWA-f153140f5f454a28,national,0,True,False
RWA-f177d7d087fa3a24,national,2,False,True
RWA-f1be8f24028997cd,national,0,False,False
RWA-f1db418b9c7e7dea,national,1,True,False
RWA-f1f7ec1a35a59e68,national,0,True,False
RWA-f2794ed1e4cc945a,national,2,False,False
RWA-f27a3b88f0ae14a2,national,0,False,False
RWA-f29c97ceae2a93a9,national,1,False,False
RWA-f2d392ed9002fe20,national,0,False,False
RWA-f2ed54b8c916a5c2,national,2,True,False
RWA-f2fa918c3ac52271,national,0,False,False
RWA-f337c85c3f4ee3e2,national,0,False,False
RWA-f35fe3a08bb56d21,national,1,False,False
RWA-f3861ded7730bff3,national,0,False,False
RWA-f3cb3620a265ed87,national,1,False,False
RWA-f3e8be126d288418,national,1,False,False
RWA-f3fc6cb844c8ff81,national,1,True,False
RWA-f43ca6645ee40ce9,national,0,False,True
RWA-f4b5db3d975429bd,national,1,False,False
RWA-f4b7918b06a643ff,national,2,False,False
RWA-f4be45328412eecc,national,2,False,False
RWA-f4daf8ef8a3d8ea2,national,0,False,True
RWA-f4e6d33920b10735,national,2,False,False
RWA-f4f63dccf6f1cd14,national,1,False,True
RWA-f52155ab2903e0f7,national,1,False,False
RWA-f53c0711f9c7a0f4,national,2,False,False
RWA-f56c3ec9cc5ae2b8,national,0,False,False
RWA-f5d46a8783e3046e,national,1,False,False
RWA-f5ddf44bd14d83d2,national,0,False,False
RWA-f617f2c1b41b91d4,national,0,False,False
RWA-f628a3d212ecfa56,national,0,False,False
RWA-f6421f7b06204465,national,0,False,False
RWA-f64448f64df7db91,national,2,False,False
RWA-f68cf50b07f45205,national,0,True,False
RWA-f6c4bfb85f36baba,national,2,False,False
RWA-f6fb00ee111c80a6,national,1,False,False
RWA-f72ddd69cbdf22ce,national,1,False,False
RWA-f7354c4e873a03a3,national,0,False,False
RWA-f73c5d67f98d8bf4,national,0,True,False
RWA-f765ef11b6fad186,national,1,False,False
RWA-f76d8444a3bfa95d,national,0,True,False
RWA-f7a224998d13a0f6,national,0,True,False
RWA-f7a7032a37bf2a54,national,1,False,False
RWA-f7a8a90a0e879374,national,0,False,False
RWA-f7b2b2b7182bc614,national,1,False,False
RWA-f7e96edd5ff12763,national,1,False,False
RWA-f8704ab2e2b66884,national,2,False,False
RWA-f9245d2c89bbbd22,national,2,False,False
RWA-f9468802692a594b,national,0,False,True
RWA-f9912ad334d11e30,national,2,False,False
RWA-f99642621d12380f,national,0,False,False
RWA-f9f1eb7e10f2d98e,national,2,False,False
RWA-fa1581330d1a1f13,national,0,True,False
RWA-fa456e9cfc951452,national,2,False,False
RWA-fb3f6d13cecc3f43,national,2,False,False
RWA-fb4e6331f788c7f7,national,2,False,False
RWA-fb5fdd67ba2f1587,national,0,False,False
RWA-fb8a7509df5e16b8,national,0,True,False
RWA-fbac9d9479044cf5,national,2,False,True
RWA-fbcd035fa1d61bc3,national,1,False,False
RWA-fbe003d45baaa922,national,1,True,False
RWA-fc26834f6aabbbb8,national,0,False,False
RWA-fc2bc2ea265caf78,national,0,False,False
RWA-fc825baeaf2fc756,national,2,False,False
RWA-fcdefe14e544d628,national,2,False,False
RWA-fd2c78086a73a2cb,national,2,False,False
RWA-fd4fed3e1f2e9279,national,0,True,False
RWA-fd7535719bfb3cec,national,0,True,False
RWA-fd87ed4d19c81254,national,2,True,False
RWA-fe5a1b7a5a120941,national,2,True,False
RWA-fec831b6816fff84,national,2,True,False
RWA-fed308895c1db688,national,0,False,False
RWA-fed78111558b7f17,national,1,False,True
RWA-fee7ef6f809e45a9,national,2,False,False
RWA-fefe6fdfeabd468e,national,2,False,False
RWA-ff250dddf1d62ac7,national,0,True,False
RWA-ff4a623b67bdde7a,national,2,True,False
RWA-ff7802bea6aa602d,national,2,True,True
RWA-ffdd7c006ab11cc2,national,0,False,True
RWA-fff39fc83d36edb0,national,2,False,False
RWA-fff763da1bb6b097,national,1,False,False
